#SampleID	SRR3931522	SRR3931523	SRR3931524	SRR3931525	SRR3931526	SRR3931527	SRR3931528	SRR3931529	SRR3931530	SRR3931531	SRR3931532	SRR3931533	SRR3931534	SRR3931535	SRR3931536	SRR3931537	SRR3931538	SRR3931539	SRR3931540	SRR3931541	SRR3931542	SRR3931543	SRR3931544	SRR3931545	SRR3931546	SRR3931547	SRR3931548	SRR3931549	SRR3931550	SRR3931551	SRR3931552	SRR3931553	SRR3931554	SRR3931555	SRR3931556	SRR3931557	SRR3931558
sk__Archaea;k__;p__Euryarchaeota;c__Methanobacteria;o__Methanobacteriales;f__Methanobacteriaceae;g__Methanobrevibacter	0	0	0	0	0	0	0	1.0	18.0	0	0	0	0	0	0	0	0	0	0	0	0	1.0	6.0	0	0	0	0	0	0	0	0	0	0	0	0	0	0
sk__Archaea;k__;p__Euryarchaeota;c__Methanobacteria;o__Methanobacteriales;f__Methanobacteriaceae;g__Methanobrevibacter;s__Methanobrevibacter_oralis	0	0	0	0	0	0	0	0	0	0	0	0	0	0	0	0	0	0	0	0	0	2.0	3.0	0	0	0	0	0	0	0	0	1.0	0	0	0	0	0
sk__Archaea;k__;p__Euryarchaeota;c__Thermoplasmata	1.0	0	0	0	0	0	0	0	0	0	0	0	0	0	0	0	0	0	0	0	0	1.0	4.0	0	0	0	0	0	0	0	0	0	0	0	0	0	0
sk__Bacteria	55.0	47.0	23.0	67.0	27.0	8.0	111.0	31.0	143.0	26.0	46.0	70.0	77.0	21.0	95.0	152.0	38.0	57.0	36.0	18.0	34.0	61.0	36.0	32.0	35.0	19.0	38.0	67.0	42.0	60.0	15.0	35.0	16.0	18.0	30.0	74.0	11.0
sk__Bacteria;k__;p__;c__;o__;f__;g__;s__Firmicutes_oral_clone_CK030	0	0	0	0	0	0	0	0	3.0	0	0	0	0	0	0	0	0	0	0	0	0	0	0	0	0	0	0	0	0	0	0	0	0	0	0	0	0
sk__Bacteria;k__;p__;c__;o__;f__;g__;s__Firmicutes_oral_clone_FM046	0	0	0	0	0	0	0	0	0	0	0	0	0	0	0	1.0	0	0	0	0	0	0	0	0	0	0	0	0	0	2.0	0	0	0	0	0	0	0
sk__Bacteria;k__;p__;c__;o__;f__;g__;s__bacterium_enrichment_culture_clone_auto67_4W	0	0	0	0	0	0	0	0	0	0	0	0	0	0	0	0	0	0	0	0	0	0	0	0	0	0	0	0	0	0	0	0	0	1.0	0	0	0
sk__Bacteria;k__;p__Acidobacteria	0	1.0	1.0	0	0	0	0	1.0	0	0	0	0	0	0	0	0	0	0	0	1.0	0	0	0	1.0	0	1.0	1.0	0	0	0	0	0	0	0	0	0	0
sk__Bacteria;k__;p__Acidobacteria;c__Acidobacteriia;o__Acidobacteriales	0	0	0	0	0	0	1.0	0	0	0	0	0	0	0	0	0	0	0	0	0	0	0	0	0	0	0	0	0	0	0	0	0	0	0	0	0	0
sk__Bacteria;k__;p__Acidobacteria;c__Blastocatellia;o__;f__Pyrinomonadaceae	0	0	0	1.0	0	0	0	0	0	0	0	0	0	0	0	0	0	0	0	0	0	0	0	0	0	0	0	0	0	0	0	0	0	0	0	0	0
sk__Bacteria;k__;p__Acidobacteria;c__Holophagae	0	0	0	0	0	0	1.0	0	0	0	0	0	0	0	0	0	0	0	0	0	0	0	0	0	0	0	0	0	0	0	0	0	0	0	0	0	0
sk__Bacteria;k__;p__Acidobacteria;c__Solibacteres;o__Solibacterales;f__Bryobacteraceae;g__Bryobacter	0	0	0	0	0	0	0	0	0	0	0	0	0	0	0	0	0	0	0	0	0	0	0	0	0	0	0	1.0	0	0	0	0	0	0	0	0	0
sk__Bacteria;k__;p__Actinobacteria	0	0	0	0	0	0	0	0	0	0	0	0	0	0	0	0	0	0	0	0	0	0	0	0	0	0	0	0	0	0	0	0	0	0	0	1.0	0
sk__Bacteria;k__;p__Actinobacteria;c__Actinobacteria	2.0	1.0	5.0	0	0	0	0	0	0	0	0	1.0	1.0	0	0	0	2.0	0	0	2.0	0	1.0	0	1.0	0	0	0	1.0	2.0	0	0	0	0	0	0	1.0	0
sk__Bacteria;k__;p__Actinobacteria;c__Actinobacteria;o__Actinomycetales	0	0	3.0	1.0	0	1.0	0	1.0	0	0	0	0	1.0	0	0	1.0	1.0	0	0	0	0	0	0	0	1.0	0	1.0	1.0	0	1.0	2.0	0	0	3.0	1.0	0	4.0
sk__Bacteria;k__;p__Actinobacteria;c__Actinobacteria;o__Actinomycetales;f__Actinomycetaceae	118.0	7.0	21.0	17.0	25.0	27.0	84.0	110.0	4.0	42.0	0	74.0	18.0	17.0	214.0	46.0	155.0	71.0	269.0	386.0	15.0	23.0	242.0	194.0	63.0	8.0	85.0	17.0	45.0	14.0	84.0	18.0	6.0	148.0	32.0	332.0	124.0
sk__Bacteria;k__;p__Actinobacteria;c__Actinobacteria;o__Actinomycetales;f__Actinomycetaceae;g__Actinomyces	320.0	195.0	2367.0	166.0	136.0	355.0	535.0	58.0	26.0	94.0	103.0	263.0	154.0	66.0	325.0	98.0	143.0	113.0	251.0	397.0	38.0	128.0	55.0	618.0	628.0	255.0	310.0	831.0	241.0	202.0	1483.0	136.0	246.0	414.0	1121.0	211.0	1359.0
sk__Bacteria;k__;p__Actinobacteria;c__Actinobacteria;o__Bifidobacteriales;f__Bifidobacteriaceae	0	0	0	0	0	2.0	0	5.0	0	0	0	0	0	6.0	0	0	0	0	0	1.0	0	0	2.0	0	0	0	0	0	0	0	0	0	0	0	0	0	1.0
sk__Bacteria;k__;p__Actinobacteria;c__Actinobacteria;o__Bifidobacteriales;f__Bifidobacteriaceae;g__Bifidobacterium	0	6.0	0	0	0	6.0	0	0	0	0	0	0	0	4.0	0	0	0	0	0	0	0	1.0	0	0	0	0	1.0	0	0	3.0	0	0	0	0	0	0	0
sk__Bacteria;k__;p__Actinobacteria;c__Actinobacteria;o__Bifidobacteriales;f__Bifidobacteriaceae;g__Parascardovia	0	0	0	0	0	0	0	0	0	0	0	0	0	0	0	0	0	0	0	0	0	0	0	0	0	0	0	0	0	0	0	0	0	0	0	0	1.0
sk__Bacteria;k__;p__Actinobacteria;c__Actinobacteria;o__Corynebacteriales	1.0	0	1.0	4.0	2.0	1.0	2.0	0	0	2.0	3.0	3.0	0	1.0	2.0	3.0	2.0	0	3.0	3.0	2.0	1.0	4.0	2.0	0	0	2.0	1.0	0	1.0	0	2.0	1.0	4.0	1.0	1.0	2.0
sk__Bacteria;k__;p__Actinobacteria;c__Actinobacteria;o__Corynebacteriales;f__Corynebacteriaceae	15.0	1.0	51.0	10.0	37.0	16.0	11.0	1.0	1.0	18.0	12.0	40.0	12.0	12.0	22.0	14.0	28.0	15.0	23.0	38.0	11.0	9.0	6.0	27.0	16.0	5.0	10.0	19.0	11.0	4.0	16.0	13.0	9.0	22.0	50.0	16.0	44.0
sk__Bacteria;k__;p__Actinobacteria;c__Actinobacteria;o__Corynebacteriales;f__Corynebacteriaceae;g__Corynebacterium	965.0	13.0	2045.0	453.0	2836.0	1271.0	1254.0	137.0	101.0	1816.0	1393.0	3165.0	436.0	540.0	1463.0	524.0	978.0	1122.0	1243.0	3522.0	1000.0	597.0	419.0	1510.0	1086.0	388.0	953.0	1480.0	564.0	237.0	881.0	838.0	478.0	776.0	4534.0	1653.0	4236.0
sk__Bacteria;k__;p__Actinobacteria;c__Actinobacteria;o__Micrococcales	1.0	0	4.0	1.0	0	1.0	0	0	0	0	0	0	2.0	0	0	0	1.0	1.0	0	0	0	1.0	0	1.0	1.0	0	1.0	2.0	0	0	2.0	0	1.0	1.0	0	1.0	0
sk__Bacteria;k__;p__Actinobacteria;c__Actinobacteria;o__Micrococcales;f__Microbacteriaceae	0	0	1.0	0	0	0	0	0	0	0	1.0	0	0	0	0	0	0	0	0	1.0	0	0	0	0	0	0	0	0	0	0	0	0	0	0	0	0	0
sk__Bacteria;k__;p__Actinobacteria;c__Actinobacteria;o__Micrococcales;f__Micrococcaceae	0	0	14.0	1.0	0	0	1.0	0	0	0	0	0	4.0	0	0	0	1.0	2.0	0	0	0	0	0	4.0	4.0	6.0	4.0	7.0	3.0	0	5.0	0	4.0	0	1.0	2.0	3.0
sk__Bacteria;k__;p__Actinobacteria;c__Actinobacteria;o__Micrococcales;f__Micrococcaceae;g__Rothia	18.0	5.0	715.0	52.0	13.0	45.0	61.0	2.0	4.0	2.0	19.0	23.0	241.0	29.0	4.0	13.0	141.0	62.0	116.0	61.0	31.0	0	14.0	230.0	379.0	190.0	93.0	905.0	24.0	89.0	236.0	19.0	138.0	148.0	70.0	190.0	136.0
sk__Bacteria;k__;p__Actinobacteria;c__Actinobacteria;o__Propionibacteriales	0	0	0	0	0	0	0	0	0	0	0	0	0	0	1.0	0	1.0	0	0	0	0	0	0	0	0	0	0	0	0	0	0	0	0	0	0	0	0
sk__Bacteria;k__;p__Actinobacteria;c__Actinobacteria;o__Propionibacteriales;f__Propionibacteriaceae	0	0	1.0	0	1.0	0	10.0	0	0	4.0	1.0	0	0	0	1.0	1.0	0	0	0	2.0	8.0	0	0	0	1.0	0	0	4.0	0	0	0	1.0	0	0	0	1.0	3.0
sk__Bacteria;k__;p__Actinobacteria;c__Actinobacteria;o__Propionibacteriales;f__Propionibacteriaceae;g__Aestuariimicrobium	0	0	0	0	0	0	3.0	0	0	0	0	0	0	0	0	0	0	0	0	0	0	0	0	0	0	0	0	0	0	0	0	0	0	0	0	0	0
sk__Bacteria;k__;p__Actinobacteria;c__Actinobacteria;o__Propionibacteriales;f__Propionibacteriaceae;g__Pseudopropionibacterium	1.0	0	1.0	0	0	0	0	0	0	2.0	0	1.0	0	0	0	0	0	1.0	0	0	3.0	1.0	1.0	1.0	2.0	0	0	6.0	0	1.0	0	0	0	0	0	0	1.0
sk__Bacteria;k__;p__Actinobacteria;c__Actinobacteria;o__Pseudonocardiales;f__Pseudonocardiaceae	0	0	0	0	0	0	0	0	0	0	0	0	0	0	0	0	0	0	0	0	0	0	0	1.0	0	0	0	0	0	0	0	0	0	0	0	0	0
sk__Bacteria;k__;p__Actinobacteria;c__Actinobacteria;o__Streptomycetales;f__Streptomycetaceae;g__Streptomyces	0	0	0	0	0	0	0	0	0	0	0	0	0	0	0	0	1.0	0	0	0	0	0	0	0	0	0	0	0	0	0	0	0	0	0	0	0	0
sk__Bacteria;k__;p__Actinobacteria;c__Actinobacteria;o__Streptosporangiales;f__Thermomonosporaceae	0	0	0	0	0	0	0	0	0	0	0	0	0	0	0	0	0	0	0	0	0	0	0	0	0	0	0	0	0	0	0	0	0	1.0	0	0	0
sk__Bacteria;k__;p__Actinobacteria;c__Coriobacteriia;o__Coriobacteriales;f__Atopobiaceae	1.0	1.0	1.0	1.0	1.0	2.0	0	6.0	0	0	4.0	0	0	10.0	2.0	1.0	0	0	2.0	0	0	5.0	10.0	0	0	0	0	0	0	19.0	0	0	0	0	0	1.0	0
sk__Bacteria;k__;p__Actinobacteria;c__Coriobacteriia;o__Coriobacteriales;f__Atopobiaceae;g__Atopobium	2.0	9.0	0	2.0	1.0	21.0	0	11.0	2.0	0	5.0	0	0	20.0	5.0	1.0	0	0	7.0	1.0	0	19.0	18.0	5.0	0	1.0	14.0	0	0	19.0	3.0	0	0	0	1.0	1.0	1.0
sk__Bacteria;k__;p__Actinobacteria;c__Coriobacteriia;o__Coriobacteriales;f__Atopobiaceae;g__Olsenella	2.0	1.0	0	7.0	0	2.0	0	1.0	1.0	0	1.0	0	0	0	7.0	0	0	0	1.0	0	0	2.0	3.0	0	0	0	3.0	2.0	0	6.0	0	0	0	1.0	1.0	0	1.0
sk__Bacteria;k__;p__Actinobacteria;c__Coriobacteriia;o__Eggerthellales;f__Eggerthellaceae	0	0	0	0	0	0	0	0	0	0	0	0	1.0	0	0	0	0	0	0	0	0	0	0	0	0	0	0	0	0	0	0	0	0	0	0	0	0
sk__Bacteria;k__;p__Actinobacteria;c__Coriobacteriia;o__Eggerthellales;f__Eggerthellaceae;g__Cryptobacterium	0	0	0	0	0	0	0	0	0	0	0	0	0	2.0	0	0	0	0	0	0	0	0	0	0	0	0	0	0	0	0	0	0	0	0	0	0	0
sk__Bacteria;k__;p__Actinobacteria;c__Coriobacteriia;o__Eggerthellales;f__Eggerthellaceae;g__Enterorhabdus	0	0	0	0	0	0	0	0	0	1.0	0	0	0	0	0	0	0	0	0	0	0	0	0	0	0	0	0	0	0	0	0	0	0	0	0	0	0
sk__Bacteria;k__;p__Actinobacteria;c__Rubrobacteria;o__Gaiellales	0	0	0	0	0	0	0	0	0	0	0	0	0	0	0	0	1.0	1.0	0	0	0	0	0	0	0	0	0	0	0	0	0	0	0	0	0	0	0
sk__Bacteria;k__;p__Bacteroidetes	0	10.0	0	2.0	0	0	0	3.0	8.0	0	3.0	1.0	0	0	2.0	1.0	0	1.0	0	0	2.0	0	5.0	0	2.0	0	0	0	0	1.0	0	0	0	0	1.0	1.0	0
sk__Bacteria;k__;p__Bacteroidetes;c__Bacteroidia	1.0	2.0	0	6.0	0	0	0	10.0	8.0	4.0	4.0	1.0	0	0	2.0	6.0	0	1.0	0	0	0	2.0	6.0	0	0	0	9.0	0	0	8.0	0	0	0	0	0	0	0
sk__Bacteria;k__;p__Bacteroidetes;c__Bacteroidia;o__;f__;g__;s__Bacteroidia_bacterium_feline_oral_taxon_115	0	0	0	0	0	0	0	0	0	0	2.0	0	0	0	2.0	2.0	0	0	0	0	0	0	0	0	0	0	0	0	0	0	0	0	0	0	0	0	0
sk__Bacteria;k__;p__Bacteroidetes;c__Bacteroidia;o__Bacteroidales	39.0	224.0	0	23.0	3.0	15.0	0	152.0	404.0	31.0	22.0	3.0	7.0	37.0	15.0	129.0	0	2.0	171.0	8.0	8.0	43.0	244.0	5.0	4.0	1.0	76.0	6.0	4.0	158.0	6.0	38.0	2.0	2.0	2.0	10.0	3.0
sk__Bacteria;k__;p__Bacteroidetes;c__Bacteroidia;o__Bacteroidales;f__;g__;s__Bacteroidales_genomosp._P1	0	0	0	0	0	0	0	0	0	0	0	0	0	0	0	16.0	0	0	0	0	0	0	20.0	0	0	0	0	0	0	0	0	0	0	0	0	0	0
sk__Bacteria;k__;p__Bacteroidetes;c__Bacteroidia;o__Bacteroidales;f__;g__;s__Bacteroidales_genomosp._P2_oral_clone_MB1_G13	1.0	0	0	1.0	0	0	0	51.0	0	16.0	0	0	1.0	0	0	0	0	0	0	0	1.0	0	21.0	0	0	0	1.0	0	0	0	0	0	0	0	0	0	0
sk__Bacteria;k__;p__Bacteroidetes;c__Bacteroidia;o__Bacteroidales;f__;g__;s__Bacteroidales_genomosp._P3_oral_clone_MB1_G34	0	0	0	0	0	0	0	0	0	0	0	0	0	0	0	0	0	0	0	0	0	0	0	0	0	0	1.0	0	0	0	0	0	0	0	0	0	0
sk__Bacteria;k__;p__Bacteroidetes;c__Bacteroidia;o__Bacteroidales;f__;g__;s__Bacteroidales_genomosp._P4_oral_clone_MB2_G17	0	0	0	0	0	0	0	45.0	0	7.0	0	0	0	0	0	0	0	0	0	0	0	0	31.0	0	0	0	0	0	0	0	0	0	0	0	0	0	0
sk__Bacteria;k__;p__Bacteroidetes;c__Bacteroidia;o__Bacteroidales;f__;g__Phocaeicola	2.0	6.0	0	0	0	0	0	5.0	6.0	0	0	0	0	0	0	0	0	0	0	0	0	1.0	0	0	0	0	0	0	0	2.0	0	0	0	0	0	0	0
sk__Bacteria;k__;p__Bacteroidetes;c__Bacteroidia;o__Bacteroidales;f__Bacteroidaceae	1.0	6.0	0	6.0	0	0	0	30.0	11.0	3.0	3.0	3.0	0	1.0	1.0	29.0	0	1.0	0	0	1.0	2.0	11.0	0	0	0	18.0	2.0	0	52.0	0	1.0	0	0	0	1.0	0
sk__Bacteria;k__;p__Bacteroidetes;c__Bacteroidia;o__Bacteroidales;f__Bacteroidaceae;g__Bacteroides	1.0	2.0	0	0	1.0	0	0	0	5.0	0	0	0	0	0	0	7.0	0	1.0	0	0	0	2.0	17.0	0	0	0	0	0	0	0	0	0	0	0	0	0	0
sk__Bacteria;k__;p__Bacteroidetes;c__Bacteroidia;o__Bacteroidales;f__Bacteroidaceae;g__Bacteroides;s__Bacteroides_sp._feline_oral_taxon_308	0	0	0	0	0	0	0	1.0	0	0	0	0	0	0	0	1.0	0	0	0	0	0	0	0	0	0	0	0	0	0	0	0	0	0	0	0	0	0
sk__Bacteria;k__;p__Bacteroidetes;c__Bacteroidia;o__Bacteroidales;f__Lentimicrobiaceae	2.0	8.0	0	11.0	27.0	0	0	3.0	29.0	34.0	60.0	13.0	3.0	25.0	56.0	4.0	0	6.0	135.0	0	71.0	0	32.0	0	1.0	0	61.0	9.0	0	70.0	0	25.0	0	0	0	9.0	0
sk__Bacteria;k__;p__Bacteroidetes;c__Bacteroidia;o__Bacteroidales;f__Muribaculaceae	0	0	0	0	0	0	0	0	0	0	0	0	0	0	0	0	0	0	0	0	0	0	1.0	0	0	0	0	0	0	0	0	0	0	0	0	0	0
sk__Bacteria;k__;p__Bacteroidetes;c__Bacteroidia;o__Bacteroidales;f__Odoribacteraceae	0	0	0	0	0	0	0	0	0	0	0	0	0	2.0	0	0	0	0	0	0	0	0	0	0	0	0	0	0	0	0	0	0	0	0	0	0	0
sk__Bacteria;k__;p__Bacteroidetes;c__Bacteroidia;o__Bacteroidales;f__Paludibacteraceae	85.0	54.0	0	38.0	1.0	0	60.0	172.0	273.0	205.0	294.0	325.0	29.0	19.0	598.0	57.0	1.0	8.0	60.0	28.0	35.0	143.0	18.0	23.0	181.0	1.0	144.0	42.0	4.0	225.0	0	64.0	3.0	5.0	279.0	17.0	202.0
sk__Bacteria;k__;p__Bacteroidetes;c__Bacteroidia;o__Bacteroidales;f__Porphyromonadaceae	0	3.0	0	3.0	3.0	1.0	0	3.0	4.0	6.0	3.0	3.0	2.0	3.0	1.0	10.0	1.0	0	0	0	9.0	5.0	6.0	2.0	2.0	2.0	2.0	2.0	7.0	3.0	0	4.0	0	2.0	0	7.0	1.0
sk__Bacteria;k__;p__Bacteroidetes;c__Bacteroidia;o__Bacteroidales;f__Porphyromonadaceae;g__Porphyromonas	181.0	55.0	6.0	213.0	423.0	51.0	294.0	176.0	383.0	344.0	341.0	170.0	116.0	194.0	135.0	343.0	62.0	36.0	123.0	108.0	773.0	82.0	310.0	367.0	410.0	260.0	31.0	159.0	609.0	295.0	105.0	390.0	113.0	84.0	22.0	234.0	45.0
sk__Bacteria;k__;p__Bacteroidetes;c__Bacteroidia;o__Bacteroidales;f__Prevotellaceae	924.0	1591.0	11.0	798.0	327.0	490.0	354.0	2582.0	1321.0	652.0	839.0	30.0	195.0	3344.0	746.0	1044.0	20.0	15.0	726.0	290.0	81.0	1474.0	1974.0	542.0	256.0	30.0	683.0	86.0	20.0	1355.0	191.0	482.0	262.0	72.0	431.0	102.0	436.0
sk__Bacteria;k__;p__Bacteroidetes;c__Bacteroidia;o__Bacteroidales;f__Prevotellaceae;g__Alloprevotella	16.0	165.0	2.0	105.0	12.0	160.0	8.0	157.0	171.0	140.0	313.0	11.0	36.0	446.0	153.0	84.0	2.0	3.0	61.0	2.0	31.0	219.0	207.0	41.0	61.0	8.0	100.0	46.0	10.0	185.0	37.0	55.0	8.0	3.0	1.0	11.0	118.0
sk__Bacteria;k__;p__Bacteroidetes;c__Bacteroidia;o__Bacteroidales;f__Prevotellaceae;g__Alloprevotella;s__Alloprevotella_tannerae	0	0	0	2.0	0	0	0	2.0	0	0	3.0	0	0	0	3.0	0	0	0	1.0	0	0	2.0	1.0	0	0	0	0	0	0	0	0	1.0	0	0	0	0	1.0
sk__Bacteria;k__;p__Bacteroidetes;c__Bacteroidia;o__Bacteroidales;f__Prevotellaceae;g__Prevotella	605.0	1896.0	6.0	1166.0	230.0	1577.0	129.0	3580.0	3720.0	2077.0	1600.0	32.0	164.0	2668.0	932.0	1790.0	11.0	36.0	740.0	532.0	94.0	2534.0	5100.0	495.0	546.0	14.0	1094.0	198.0	12.0	1913.0	1116.0	536.0	53.0	48.0	370.0	141.0	434.0
sk__Bacteria;k__;p__Bacteroidetes;c__Bacteroidia;o__Bacteroidales;f__Prevotellaceae;g__Prevotella;s__Prevotella_aurantiaca	0	1.0	0	0	0	0	0	0	0	0	0	0	0	0	0	0	0	0	0	0	0	0	0	0	0	0	0	0	0	0	0	0	0	0	1.0	0	0
sk__Bacteria;k__;p__Bacteroidetes;c__Bacteroidia;o__Bacteroidales;f__Prevotellaceae;g__Prevotella;s__Prevotella_enoeca	1.0	2.0	0	1.0	0	17.0	0	36.0	0	0	6.0	0	0	3.0	0	1.0	0	2.0	1.0	0	0	0	33.0	0	0	0	0	0	0	5.0	0	0	0	1.0	0	2.0	0
sk__Bacteria;k__;p__Bacteroidetes;c__Bacteroidia;o__Bacteroidales;f__Prevotellaceae;g__Prevotella;s__Prevotella_intermedia	4.0	11.0	0	11.0	2.0	0	0	12.0	36.0	7.0	13.0	0	0	0	1.0	13.0	0	0	1.0	2.0	1.0	8.0	33.0	1.0	5.0	0	1.0	0	0	2.0	12.0	5.0	0	0	0	0	0
sk__Bacteria;k__;p__Bacteroidetes;c__Bacteroidia;o__Bacteroidales;f__Prevotellaceae;g__Prevotella;s__Prevotella_micans	0	0	0	1.0	0	0	0	0	2.0	4.0	2.0	0	0	1.0	0	0	0	0	0	1.0	0	0	0	0	0	0	1.0	0	0	2.0	0	2.0	0	0	0	0	0
sk__Bacteria;k__;p__Bacteroidetes;c__Bacteroidia;o__Bacteroidales;f__Prevotellaceae;g__Prevotella;s__Prevotella_nigrescens	0	2.0	0	3.0	0	18.0	0	34.0	8.0	24.0	1.0	0	0	12.0	1.0	31.0	0	0	3.0	2.0	0	40.0	56.0	4.0	0	0	5.0	2.0	0	24.0	4.0	0	0	0	1.0	0	1.0
sk__Bacteria;k__;p__Bacteroidetes;c__Bacteroidia;o__Bacteroidales;f__Prevotellaceae;g__Prevotella;s__Prevotella_sp._oral_clone_BS041	0	0	0	0	0	0	0	0	0	0	0	0	0	0	0	0	0	0	0	0	0	1.0	0	0	0	0	0	0	0	0	0	0	0	0	0	0	0
sk__Bacteria;k__;p__Bacteroidetes;c__Bacteroidia;o__Bacteroidales;f__Prevotellaceae;g__Prevotella;s__Prevotella_sp._oral_clone_FX046	3.0	18.0	0	2.0	0	0	0	35.0	19.0	0	10.0	13.0	2.0	4.0	0	17.0	0	2.0	5.0	0	8.0	4.0	11.0	0	0	0	7.0	0	0	17.0	1.0	3.0	0	0	0	0	0
sk__Bacteria;k__;p__Bacteroidetes;c__Bacteroidia;o__Bacteroidales;f__Prevotellaceae;g__Prevotella;s__Prevotella_sp._oral_clone_IK053	0	0	0	0	0	0	0	1.0	0	0	0	0	0	0	0	0	0	0	1.0	0	0	0	0	0	0	0	0	0	0	0	0	0	0	0	0	0	0
sk__Bacteria;k__;p__Bacteroidetes;c__Bacteroidia;o__Bacteroidales;f__Prevotellaceae;g__Prevotella;s__Prevotella_veroralis	0	0	0	0	0	0	0	2.0	0	0	0	0	0	2.0	0	0	0	0	0	0	0	0	1.0	1.0	0	0	0	0	0	0	0	0	0	0	0	0	0
sk__Bacteria;k__;p__Bacteroidetes;c__Bacteroidia;o__Bacteroidales;f__Rikenellaceae	2.0	1.0	0	6.0	0	0	0	13.0	12.0	4.0	9.0	0	2.0	0	1.0	7.0	0	0	2.0	1.0	0	2.0	36.0	0	0	0	4.0	13.0	0	10.0	0	4.0	0	0	0	3.0	3.0
sk__Bacteria;k__;p__Bacteroidetes;c__Bacteroidia;o__Bacteroidales;f__Tannerellaceae	0	0	0	1.0	1.0	0	0	7.0	3.0	2.0	1.0	0	1.0	0	2.0	1.0	0	1.0	3.0	0	0	2.0	2.0	0	0	0	0	0	1.0	3.0	0	1.0	1.0	0	2.0	0	1.0
sk__Bacteria;k__;p__Bacteroidetes;c__Bacteroidia;o__Bacteroidales;f__Tannerellaceae;g__Tannerella	33.0	0	0	19.0	19.0	0	206.0	347.0	151.0	59.0	212.0	26.0	7.0	50.0	104.0	37.0	5.0	10.0	34.0	7.0	0	139.0	47.0	53.0	10.0	0	106.0	14.0	35.0	103.0	0	52.0	74.0	2.0	65.0	39.0	98.0
sk__Bacteria;k__;p__Bacteroidetes;c__Chitinophagia;o__Chitinophagales	0	0	0	0	0	0	0	0	0	0	0	0	0	0	0	0	0	0	0	0	0	0	0	0	1.0	0	0	0	0	0	0	0	0	0	0	0	0
sk__Bacteria;k__;p__Bacteroidetes;c__Chitinophagia;o__Chitinophagales;f__Chitinophagaceae	0	0	0	0	0	0	0	0	0	0	0	0	0	0	0	0	1.0	0	0	0	0	0	0	0	0	0	0	0	0	0	0	0	0	0	0	1.0	0
sk__Bacteria;k__;p__Bacteroidetes;c__Cytophagia;o__Cytophagales	0	0	0	0	0	0	0	0	0	0	0	0	0	0	0	0	0	0	0	0	4.0	0	0	0	0	0	0	0	0	0	0	0	0	0	0	0	0
sk__Bacteria;k__;p__Bacteroidetes;c__Cytophagia;o__Cytophagales;f__Cytophagaceae	0	0	0	0	0	0	0	0	0	0	0	0	0	0	0	0	0	0	0	0	1.0	0	0	0	0	0	0	0	0	0	0	0	0	0	0	0	0
sk__Bacteria;k__;p__Bacteroidetes;c__Flavobacteriia;o__Flavobacteriales	0	15.0	2.0	0	3.0	1.0	2.0	1.0	1.0	2.0	0	4.0	5.0	4.0	3.0	3.0	3.0	3.0	3.0	3.0	8.0	1.0	0	10.0	3.0	1.0	1.0	5.0	2.0	1.0	1.0	1.0	3.0	2.0	3.0	3.0	1.0
sk__Bacteria;k__;p__Bacteroidetes;c__Flavobacteriia;o__Flavobacteriales;f__Flavobacteriaceae	15.0	38.0	2.0	59.0	8.0	1.0	2.0	1.0	6.0	3.0	7.0	4.0	32.0	34.0	8.0	11.0	8.0	12.0	9.0	2.0	28.0	3.0	0	11.0	110.0	4.0	6.0	7.0	12.0	4.0	0	2.0	4.0	13.0	7.0	21.0	9.0
sk__Bacteria;k__;p__Bacteroidetes;c__Flavobacteriia;o__Flavobacteriales;f__Flavobacteriaceae;g__Bergeyella	267.0	250.0	41.0	34.0	20.0	44.0	54.0	14.0	24.0	90.0	190.0	73.0	310.0	15.0	35.0	68.0	62.0	101.0	55.0	47.0	304.0	17.0	14.0	30.0	75.0	62.0	17.0	158.0	50.0	27.0	26.0	91.0	103.0	86.0	24.0	207.0	5.0
sk__Bacteria;k__;p__Bacteroidetes;c__Flavobacteriia;o__Flavobacteriales;f__Flavobacteriaceae;g__Capnocytophaga	683.0	1824.0	218.0	380.0	943.0	235.0	895.0	484.0	355.0	1203.0	714.0	838.0	664.0	280.0	767.0	474.0	1196.0	2190.0	814.0	453.0	1851.0	414.0	156.0	976.0	850.0	384.0	359.0	876.0	1131.0	243.0	571.0	178.0	597.0	598.0	1029.0	1297.0	958.0
sk__Bacteria;k__;p__Bacteroidetes;c__Flavobacteriia;o__Flavobacteriales;f__Flavobacteriaceae;g__Capnocytophaga;s__Capnocytophaga_gingivalis	0	0	0	0	0	0	0	0	0	0	0	0	0	0	0	0	0	0	0	0	1.0	0	0	0	0	0	0	0	0	0	0	0	0	0	0	0	0
sk__Bacteria;k__;p__Bacteroidetes;c__Flavobacteriia;o__Flavobacteriales;f__Flavobacteriaceae;g__Capnocytophaga;s__Capnocytophaga_ochracea	0	0	0	0	0	0	0	0	0	0	0	0	0	0	0	0	0	0	0	0	0	0	0	0	0	0	0	0	0	0	0	0	0	0	0	0	3.0
sk__Bacteria;k__;p__Bacteroidetes;c__Flavobacteriia;o__Flavobacteriales;f__Flavobacteriaceae;g__Capnocytophaga;s__Capnocytophaga_sp._oral_clone_DZ074	0	0	0	0	0	0	0	0	0	0	0	0	1.0	0	0	0	0	0	0	0	0	0	0	0	0	0	0	0	1.0	0	0	0	0	0	0	0	0
sk__Bacteria;k__;p__Bacteroidetes;c__Flavobacteriia;o__Flavobacteriales;f__Flavobacteriaceae;g__Capnocytophaga;s__Capnocytophaga_sputigena	0	0	0	0	0	0	1.0	0	0	0	0	0	0	0	0	0	2.0	0	0	0	3.0	0	0	0	0	0	0	0	0	0	0	0	1.0	1.0	0	0	0
sk__Bacteria;k__;p__Bacteroidetes;c__Sphingobacteriia;o__Sphingobacteriales	0	0	0	0	0	0	0	0	0	0	0	0	0	0	0	0	0	0	0	0	0	0	0	1.0	0	0	0	0	0	0	0	0	0	0	0	0	0
sk__Bacteria;k__;p__Candidatus_Gracilibacteria	0	0	0	0	1.0	0	3.0	0	1.0	1.0	0	7.0	2.0	2.0	0	4.0	0	0	0	0	0	0	5.0	0	5.0	1.0	1.0	3.0	3.0	0	0	0	0	0	0	1.0	0
sk__Bacteria;k__;p__Candidatus_Saccharibacteria	1.0	0	0	1.0	0	3.0	0	0	0	0	0	0	1.0	0	7.0	0	0	0	4.0	0	0	6.0	2.0	0	0	0	3.0	0	0	15.0	0	1.0	0	0	0	0	0
sk__Bacteria;k__;p__Candidatus_Saccharibacteria;c__;o__;f__;g__;s__TM7_phylum_sp._oral_clone_BU080	0	0	0	0	0	0	0	0	0	0	0	0	0	0	0	0	0	0	0	0	0	0	0	0	1.0	0	0	0	0	0	0	0	0	0	0	0	0
sk__Bacteria;k__;p__Candidatus_Saccharibacteria;c__;o__;f__;g__Candidatus_Saccharimonas	0	0	0	0	0	2.0	0	2.0	0	0	0	0	0	0	0	0	0	0	1.0	0	0	0	0	0	0	0	0	0	0	1.0	0	0	0	0	1.0	1.0	0
sk__Bacteria;k__;p__Chlamydiae;c__Chlamydiia;o__Chlamydiales;f__Chlamydiaceae;g__Chlamydia	0	0	0	0	0	0	0	0	0	2.0	0	0	0	0	0	0	0	0	0	0	0	0	0	0	0	0	0	0	0	0	0	1.0	0	0	0	0	0
sk__Bacteria;k__;p__Chloroflexi	2.0	1.0	0	1.0	0	0	0	23.0	159.0	1.0	8.0	3.0	0	0	1.0	2.0	0	0	1.0	1.0	2.0	2.0	20.0	0	0	0	1.0	0	0	13.0	0	1.0	0	0	0	1.0	0
sk__Bacteria;k__;p__Chloroflexi;c__Anaerolineae	1.0	0	0	0	0	0	0	8.0	56.0	1.0	2.0	0	0	0	0	0	0	0	0	0	0	2.0	5.0	0	0	0	1.0	0	0	7.0	0	0	0	0	0	0	1.0
sk__Bacteria;k__;p__Chloroflexi;c__Anaerolineae;o__Anaerolineales;f__Anaerolineaceae	0	0	0	0	0	0	0	4.0	58.0	2.0	1.0	0	0	0	0	0	0	0	1.0	0	0	2.0	4.0	0	0	0	1.0	0	0	7.0	0	0	0	0	0	1.0	0
sk__Bacteria;k__;p__Cyanobacteria	0	0	0	0	0	0	0	0	0	0	1.0	0	0	0	0	0	0	0	0	0	0	0	0	0	0	0	0	0	0	0	0	0	0	0	0	0	0
sk__Bacteria;k__;p__Deferribacteres;c__Deferribacteres	1.0	0	0	14.0	1.0	0	0	16.0	9.0	6.0	15.0	1.0	2.0	1.0	0	1.0	0	0	1.0	0	0	0	5.0	0	1.0	0	2.0	1.0	0	10.0	1.0	0	0	0	0	2.0	0
sk__Bacteria;k__;p__Elusimicrobia;c__Elusimicrobia	0	0	0	0	0	0	0	0	0	0	0	0	0	0	0	0	0	0	0	0	0	0	1.0	0	0	0	0	0	0	0	0	0	0	0	0	0	0
sk__Bacteria;k__;p__Elusimicrobia;c__Endomicrobia;o__Endomicrobiales;f__Endomicrobiaceae	0	0	0	0	0	0	0	0	0	0	0	0	0	0	0	0	0	0	0	2.0	0	9.0	0	0	0	0	0	0	0	0	0	0	0	0	0	0	0
sk__Bacteria;k__;p__Firmicutes	1.0	15.0	0	3.0	0	5.0	2.0	10.0	19.0	4.0	13.0	1.0	1.0	8.0	40.0	5.0	0	7.0	8.0	20.0	1.0	12.0	12.0	2.0	2.0	0	11.0	1.0	2.0	8.0	2.0	1.0	2.0	0	3.0	7.0	1.0
sk__Bacteria;k__;p__Firmicutes;c__Bacilli	0	1.0	0	1.0	0	0	0	0	0	0	0	0	0	0	1.0	0	1.0	0	1.0	0	4.0	0	0	1.0	1.0	1.0	0	0	0	0	0	2.0	1.0	0	0	0	0
sk__Bacteria;k__;p__Firmicutes;c__Bacilli;o__Bacillales	0	5.0	0	1.0	1.0	0	0	1.0	0	0	2.0	1.0	1.0	0	0	0	0	5.0	0	1.0	5.0	0	0	12.0	2.0	2.0	0	4.0	1.0	0	2.0	5.0	6.0	0	0	4.0	0
sk__Bacteria;k__;p__Firmicutes;c__Bacilli;o__Bacillales;f__;g__Gemella	102.0	337.0	4.0	51.0	123.0	17.0	136.0	31.0	91.0	44.0	104.0	36.0	35.0	64.0	22.0	16.0	13.0	136.0	64.0	13.0	187.0	19.0	67.0	443.0	43.0	65.0	25.0	118.0	88.0	11.0	90.0	128.0	234.0	18.0	6.0	201.0	2.0
sk__Bacteria;k__;p__Firmicutes;c__Bacilli;o__Bacillales;f__Bacillaceae	0	0	0	1.0	0	0	0	0	0	0	0	0	0	0	0	0	0	0	0	0	0	0	0	0	0	1.0	0	0	0	0	0	0	0	0	0	0	0
sk__Bacteria;k__;p__Firmicutes;c__Bacilli;o__Lactobacillales	7.0	12.0	5.0	4.0	15.0	8.0	3.0	1.0	0	2.0	1.0	15.0	9.0	4.0	7.0	1.0	16.0	25.0	5.0	6.0	26.0	0	0	42.0	10.0	35.0	0	6.0	4.0	6.0	9.0	9.0	10.0	13.0	5.0	4.0	1.0
sk__Bacteria;k__;p__Firmicutes;c__Bacilli;o__Lactobacillales;f__Aerococcaceae	0	0	0	0	0	0	0	0	0	0	0	1.0	0	0	0	0	1.0	0	0	0	0	0	0	0	1.0	0	0	1.0	0	0	0	4.0	2.0	0	0	1.0	0
sk__Bacteria;k__;p__Firmicutes;c__Bacilli;o__Lactobacillales;f__Aerococcaceae;g__Abiotrophia	2.0	17.0	0	3.0	16.0	0	21.0	0	0	14.0	5.0	4.0	15.0	0	1.0	1.0	39.0	14.0	0	2.0	4.0	4.0	0	0	7.0	2.0	0	91.0	18.0	0	0	22.0	65.0	12.0	0	1.0	0
sk__Bacteria;k__;p__Firmicutes;c__Bacilli;o__Lactobacillales;f__Carnobacteriaceae	1.0	0	0	1.0	1.0	0	0	0	0	0	2.0	2.0	3.0	0	1.0	0	2.0	2.0	1.0	0	5.0	0	1.0	6.0	2.0	8.0	0	1.0	2.0	0	1.0	2.0	3.0	1.0	0	1.0	0
sk__Bacteria;k__;p__Firmicutes;c__Bacilli;o__Lactobacillales;f__Carnobacteriaceae;g__Dolosigranulum	0	0	0	0	0	0	0	0	0	0	0	0	0	0	0	0	1.0	0	0	0	0	0	0	0	0	1.0	0	0	0	0	0	2.0	0	0	0	0	0
sk__Bacteria;k__;p__Firmicutes;c__Bacilli;o__Lactobacillales;f__Carnobacteriaceae;g__Granulicatella	24.0	47.0	12.0	29.0	63.0	40.0	24.0	18.0	4.0	11.0	10.0	133.0	48.0	20.0	25.0	9.0	46.0	93.0	22.0	21.0	173.0	10.0	11.0	220.0	57.0	237.0	6.0	31.0	39.0	2.0	89.0	103.0	80.0	38.0	7.0	11.0	7.0
sk__Bacteria;k__;p__Firmicutes;c__Bacilli;o__Lactobacillales;f__Enterococcaceae;g__Pilibacter	0	0	0	0	0	0	0	0	0	0	0	0	0	0	0	0	0	0	0	0	1.0	0	0	0	0	0	0	0	0	0	0	0	0	0	0	0	0
sk__Bacteria;k__;p__Firmicutes;c__Bacilli;o__Lactobacillales;f__Lactobacillaceae;g__Lactobacillus	2.0	0	1.0	0	0	0	0	0	0	1.0	0	0	0	39.0	0	0	0	0	0	0	0	0	2.0	0	0	0	0	0	0	0	0	0	0	0	0	0	0
sk__Bacteria;k__;p__Firmicutes;c__Bacilli;o__Lactobacillales;f__Streptococcaceae	10.0	18.0	18.0	11.0	6.0	16.0	5.0	1.0	1.0	3.0	4.0	8.0	9.0	11.0	6.0	7.0	19.0	24.0	10.0	5.0	13.0	0	3.0	42.0	9.0	10.0	3.0	12.0	8.0	10.0	22.0	14.0	12.0	22.0	1.0	14.0	6.0
sk__Bacteria;k__;p__Firmicutes;c__Bacilli;o__Lactobacillales;f__Streptococcaceae;g__Streptococcus	403.0	705.0	620.0	1248.0	878.0	1443.0	992.0	66.0	58.0	282.0	494.0	1316.0	707.0	470.0	440.0	87.0	877.0	731.0	646.0	731.0	886.0	92.0	247.0	2691.0	876.0	1729.0	234.0	1667.0	540.0	514.0	1711.0	1114.0	1760.0	583.0	272.0	1355.0	370.0
sk__Bacteria;k__;p__Firmicutes;c__Bacilli;o__Lactobacillales;f__Streptococcaceae;g__Streptococcus;s__Streptococcus_sanguinis	0	0	1.0	0	0	0	0	0	0	0	0	0	0	0	0	0	0	0	0	1.0	0	0	0	0	1.0	0	0	0	0	0	0	0	0	0	0	0	0
sk__Bacteria;k__;p__Firmicutes;c__Clostridia	0	0	0	0	0	0	0	0	0	0	0	0	0	0	0	0	0	1.0	0	0	0	0	0	0	0	0	0	0	0	0	0	0	0	0	0	0	0
sk__Bacteria;k__;p__Firmicutes;c__Clostridia;o__Clostridiales	24.0	40.0	1.0	68.0	22.0	81.0	68.0	161.0	107.0	89.0	158.0	16.0	8.0	72.0	143.0	29.0	5.0	12.0	46.0	60.0	15.0	27.0	96.0	34.0	9.0	1.0	119.0	39.0	11.0	152.0	30.0	28.0	16.0	9.0	53.0	53.0	86.0
sk__Bacteria;k__;p__Firmicutes;c__Clostridia;o__Clostridiales;f__Christensenellaceae	0	0	0	0	0	0	0	0	0	0	0	0	0	0	1.0	4.0	0	0	0	0	0	0	0	0	0	0	0	0	0	1.0	0	0	0	0	0	0	0
sk__Bacteria;k__;p__Firmicutes;c__Clostridia;o__Clostridiales;f__Clostridiales_Family_XIII._Incertae_Sedis	5.0	3.0	0	5.0	0	0	0	2.0	0	3.0	5.0	0	0	1.0	1.0	0	0	0	2.0	0	0	0	2.0	0	0	0	1.0	0	0	2.0	0	1.0	0	1.0	0	10.0	1.0
sk__Bacteria;k__;p__Firmicutes;c__Clostridia;o__Clostridiales;f__Clostridiales_Family_XIII._Incertae_Sedis;g__;s__[Eubacterium]_brachy	0	0	0	0	0	1.0	0	0	0	0	0	0	0	0	0	0	0	0	0	0	0	0	0	0	0	0	0	0	0	0	0	0	0	0	0	0	0
sk__Bacteria;k__;p__Firmicutes;c__Clostridia;o__Clostridiales;f__Clostridiales_Family_XIII._Incertae_Sedis;g__;s__[Eubacterium]_saphenum	0	0	0	1.0	0	0	0	13.0	5.0	0	5.0	0	2.0	8.0	2.0	2.0	0	0	8.0	6.0	0	0	5.0	0	0	0	1.0	0	0	0	0	0	0	0	0	9.0	0
sk__Bacteria;k__;p__Firmicutes;c__Clostridia;o__Clostridiales;f__Clostridiales_Family_XIII._Incertae_Sedis;g__Mogibacterium	1.0	6.0	0	7.0	0	31.0	0	0	1.0	0	3.0	0	0	10.0	1.0	3.0	0	0	1.0	3.0	0	1.0	2.0	0	0	0	4.0	0	0	3.0	0	0	0	0	0	1.0	0
sk__Bacteria;k__;p__Firmicutes;c__Clostridia;o__Clostridiales;f__Defluviitaleaceae	0	0	0	0	0	0	0	0	0	0	0	0	0	0	0	0	0	0	0	0	0	0	0	0	0	0	1.0	0	0	0	0	0	0	0	0	0	0
sk__Bacteria;k__;p__Firmicutes;c__Clostridia;o__Clostridiales;f__Eubacteriaceae	1.0	0	0	5.0	0	0	0	2.0	15.0	5.0	3.0	0	2.0	3.0	4.0	6.0	0	0	3.0	0	1.0	0	2.0	0	0	0	7.0	0	0	3.0	0	9.0	0	1.0	0	7.0	2.0
sk__Bacteria;k__;p__Firmicutes;c__Clostridia;o__Clostridiales;f__Eubacteriaceae;g__;s__Eubacteriaceae_oral_clone_P2PB_46_P3	0	0	0	0	0	0	0	0	0	0	0	0	0	0	0	1.0	0	0	0	0	0	0	0	0	0	0	0	0	0	0	0	0	0	0	0	0	0
sk__Bacteria;k__;p__Firmicutes;c__Clostridia;o__Clostridiales;f__Eubacteriaceae;g__Eubacterium;s__Eubacterium_sp._oral_clone_FX028	0	0	0	0	0	0	0	0	7.0	0	1.0	0	0	0	0	1.0	0	0	0	0	0	0	8.0	0	0	0	0	0	0	0	0	0	0	0	0	1.0	0
sk__Bacteria;k__;p__Firmicutes;c__Clostridia;o__Clostridiales;f__Lachnospiraceae	24.0	29.0	0	43.0	28.0	48.0	197.0	28.0	54.0	23.0	86.0	58.0	18.0	79.0	90.0	41.0	6.0	30.0	30.0	42.0	19.0	24.0	52.0	32.0	13.0	3.0	30.0	16.0	50.0	86.0	18.0	52.0	65.0	6.0	40.0	10.0	18.0
sk__Bacteria;k__;p__Firmicutes;c__Clostridia;o__Clostridiales;f__Lachnospiraceae;g__Blautia	0	0	0	0	1.0	0	0	0	0	0	0	0	0	0	0	0	1.0	0	0	0	0	0	0	0	0	0	0	0	0	0	0	1.0	0	0	0	0	0
sk__Bacteria;k__;p__Firmicutes;c__Clostridia;o__Clostridiales;f__Lachnospiraceae;g__Butyrivibrio;s__Butyrivibrio_sp._oral_clone_DA074	0	0	0	0	0	0	0	0	0	0	0	0	0	0	0	0	0	0	0	0	0	0	0	0	0	0	1.0	0	0	0	0	0	0	0	0	0	0
sk__Bacteria;k__;p__Firmicutes;c__Clostridia;o__Clostridiales;f__Lachnospiraceae;g__Catonella	23.0	72.0	0	55.0	28.0	15.0	8.0	46.0	58.0	67.0	65.0	31.0	17.0	48.0	16.0	51.0	0	0	47.0	28.0	32.0	50.0	88.0	42.0	64.0	1.0	93.0	20.0	14.0	53.0	36.0	81.0	6.0	4.0	20.0	22.0	3.0
sk__Bacteria;k__;p__Firmicutes;c__Clostridia;o__Clostridiales;f__Lachnospiraceae;g__Catonella;s__Catonella_morbi	0	0	0	0	0	0	0	1.0	1.0	0	3.0	0	0	0	0	0	0	0	0	0	0	0	1.0	0	0	0	0	0	0	0	0	4.0	0	0	0	0	0
sk__Bacteria;k__;p__Firmicutes;c__Clostridia;o__Clostridiales;f__Lachnospiraceae;g__Johnsonella	24.0	47.0	0	17.0	9.0	16.0	199.0	26.0	68.0	80.0	90.0	71.0	15.0	25.0	110.0	50.0	22.0	12.0	42.0	22.0	34.0	19.0	8.0	38.0	25.0	0	63.0	62.0	32.0	58.0	2.0	18.0	22.0	1.0	26.0	49.0	54.0
sk__Bacteria;k__;p__Firmicutes;c__Clostridia;o__Clostridiales;f__Lachnospiraceae;g__Johnsonella;s__Johnsonella_ignava	0	0	0	0	0	0	3.0	0	0	3.0	2.0	0	0	0	0	0	0	0	0	0	0	0	0	1.0	1.0	0	0	0	0	0	0	0	0	0	0	0	0
sk__Bacteria;k__;p__Firmicutes;c__Clostridia;o__Clostridiales;f__Lachnospiraceae;g__Lachnoanaerobaculum	4.0	0	0	1.0	0	1.0	0	2.0	0	0	3.0	0	1.0	1.0	8.0	1.0	0	1.0	0	1.0	1.0	1.0	2.0	0	0	0	1.0	0	0	0	0	0	0	0	2.0	0	2.0
sk__Bacteria;k__;p__Firmicutes;c__Clostridia;o__Clostridiales;f__Lachnospiraceae;g__Moryella	0	0	0	0	0	0	0	1.0	2.0	1.0	6.0	0	0	0	0	0	0	0	0	0	0	0	0	0	0	0	1.0	0	0	3.0	0	2.0	0	0	0	0	0
sk__Bacteria;k__;p__Firmicutes;c__Clostridia;o__Clostridiales;f__Lachnospiraceae;g__Oribacterium	0	14.0	0	0	0	6.0	0	0	1.0	0	2.0	0	0	4.0	2.0	1.0	0	0	3.0	1.0	0	3.0	15.0	1.0	1.0	0	2.0	2.0	0	0	1.0	0	0	1.0	1.0	0	0
sk__Bacteria;k__;p__Firmicutes;c__Clostridia;o__Clostridiales;f__Lachnospiraceae;g__Roseburia	0	0	0	1.0	3.0	0	0	11.0	10.0	12.0	3.0	0	0	0	0	7.0	0	0	2.0	3.0	0	0	5.0	0	0	0	0	1.0	0	8.0	0	2.0	0	0	0	5.0	0
sk__Bacteria;k__;p__Firmicutes;c__Clostridia;o__Clostridiales;f__Lachnospiraceae;g__Shuttleworthia	1.0	1.0	0	6.0	0	12.0	0	0	0	0	0	0	0	56.0	1.0	1.0	0	0	2.0	1.0	0	0	5.0	1.0	0	1.0	0	0	0	0	1.0	0	0	0	0	0	0
sk__Bacteria;k__;p__Firmicutes;c__Clostridia;o__Clostridiales;f__Lachnospiraceae;g__Stomatobaculum	3.0	5.0	0	0	0	9.0	2.0	0	1.0	0	0	1.0	0	16.0	4.0	1.0	0	1.0	4.0	1.0	1.0	6.0	10.0	6.0	0	0	5.0	1.0	1.0	4.0	2.0	0	1.0	0	0	1.0	0
sk__Bacteria;k__;p__Firmicutes;c__Clostridia;o__Clostridiales;f__Peptococcaceae	0	0	0	0	0	0	0	1.0	0	0	0	0	0	0	0	0	0	0	0	0	0	0	0	0	0	0	0	0	0	0	0	0	0	0	0	0	0
sk__Bacteria;k__;p__Firmicutes;c__Clostridia;o__Clostridiales;f__Peptococcaceae;g__Peptococcus	0	1.0	0	0	0	0	0	1.0	0	2.0	1.0	0	0	2.0	1.0	0	0	0	1.0	0	0	0	0	0	0	0	3.0	0	0	2.0	0	0	0	0	0	0	0
sk__Bacteria;k__;p__Firmicutes;c__Clostridia;o__Clostridiales;f__Peptostreptococcaceae	43.0	3.0	3.0	35.0	20.0	2.0	40.0	26.0	142.0	74.0	110.0	23.0	28.0	7.0	32.0	30.0	9.0	0	33.0	21.0	229.0	15.0	28.0	7.0	36.0	0	65.0	34.0	21.0	39.0	5.0	78.0	24.0	5.0	0	69.0	1.0
sk__Bacteria;k__;p__Firmicutes;c__Clostridia;o__Clostridiales;f__Peptostreptococcaceae;g__Filifactor	8.0	10.0	0	24.0	2.0	0	0	25.0	56.0	14.0	34.0	0	3.0	17.0	5.0	9.0	1.0	1.0	1.0	10.0	1.0	9.0	35.0	0	0	0	10.0	0	0	22.0	0	10.0	0	4.0	0	29.0	1.0
sk__Bacteria;k__;p__Firmicutes;c__Clostridia;o__Clostridiales;f__Peptostreptococcaceae;g__Peptostreptococcus	24.0	68.0	0	20.0	0	12.0	0	9.0	44.0	11.0	31.0	3.0	3.0	41.0	8.0	37.0	0	0	3.0	16.0	3.0	9.0	39.0	3.0	0	0	5.0	7.0	0	30.0	39.0	27.0	2.0	0	0	2.0	0
sk__Bacteria;k__;p__Firmicutes;c__Clostridia;o__Clostridiales;f__Ruminococcaceae	9.0	17.0	0	3.0	1.0	11.0	41.0	6.0	10.0	28.0	3.0	1.0	0	46.0	14.0	43.0	0	8.0	19.0	3.0	0	36.0	4.0	19.0	5.0	0	4.0	4.0	0	100.0	1.0	21.0	9.0	1.0	18.0	4.0	0
sk__Bacteria;k__;p__Firmicutes;c__Clostridia;o__Clostridiales;f__Ruminococcaceae;g__Ruminiclostridium	0	0	0	0	0	0	0	1.0	0	0	0	0	0	0	0	0	0	0	0	0	0	0	0	0	0	0	0	0	0	0	0	0	0	0	0	0	0
sk__Bacteria;k__;p__Firmicutes;c__Clostridia;o__Clostridiales;f__Syntrophomonadaceae;g__;s__Syntrophomonadaceae_genomosp._P1	0	0	0	0	0	0	0	0	4.0	0	0	0	0	0	0	0	0	0	0	0	0	0	1.0	0	0	0	0	0	0	0	0	0	0	0	0	0	0
sk__Bacteria;k__;p__Firmicutes;c__Clostridia;o__Clostridiales;f__Syntrophomonadaceae;g__Pelospora	0	0	0	0	0	0	0	0	1.0	0	0	0	0	0	0	0	0	0	0	0	0	0	0	0	0	0	0	0	0	0	0	0	0	0	0	0	0
sk__Bacteria;k__;p__Firmicutes;c__Erysipelotrichia;o__Erysipelotrichales	1.0	0	0	0	0	0	0	0	0	0	1.0	0	0	0	0	0	0	0	0	0	1.0	0	0	0	0	0	0	0	0	0	0	0	0	0	0	0	0
sk__Bacteria;k__;p__Firmicutes;c__Erysipelotrichia;o__Erysipelotrichales;f__Erysipelotrichaceae	6.0	57.0	0	3.0	5.0	3.0	0	3.0	0	2.0	1.0	0	0	7.0	4.0	5.0	0	1.0	6.0	4.0	0	1.0	10.0	2.0	3.0	0	9.0	2.0	0	24.0	22.0	2.0	1.0	0	1.0	0	1.0
sk__Bacteria;k__;p__Firmicutes;c__Erysipelotrichia;o__Erysipelotrichales;f__Erysipelotrichaceae;g__Bulleidia	0	2.0	0	3.0	0	0	0	2.0	0	0	0	0	0	1.0	0	0	0	0	0	0	0	0	1.0	0	0	0	0	0	0	0	0	2.0	0	0	0	0	0
sk__Bacteria;k__;p__Firmicutes;c__Erysipelotrichia;o__Erysipelotrichales;f__Erysipelotrichaceae;g__Dubosiella;s__Dubosiella_newyorkensis	0	0	0	0	0	0	0	0	0	0	1.0	0	0	0	0	0	0	0	0	0	0	0	0	0	0	0	1.0	0	0	0	0	0	0	0	0	0	0
sk__Bacteria;k__;p__Firmicutes;c__Erysipelotrichia;o__Erysipelotrichales;f__Erysipelotrichaceae;g__Eggerthia	0	0	0	0	0	0	0	0	1.0	0	0	0	0	0	0	0	0	0	0	0	0	0	0	0	0	0	0	0	0	6.0	0	0	0	0	0	0	0
sk__Bacteria;k__;p__Firmicutes;c__Erysipelotrichia;o__Erysipelotrichales;f__Erysipelotrichaceae;g__Solobacterium	0	1.0	0	0	0	0	0	0	1.0	0	0	0	0	0	0	0	0	0	0	0	0	0	0	0	0	0	0	0	0	1.0	1.0	0	0	0	0	0	0
sk__Bacteria;k__;p__Firmicutes;c__Erysipelotrichia;o__Erysipelotrichales;f__Erysipelotrichaceae;g__Turicibacter	0	0	0	0	0	0	0	0	0	0	0	2.0	0	0	0	0	0	0	0	0	0	0	0	0	0	0	0	0	0	0	0	0	0	0	0	0	0
sk__Bacteria;k__;p__Firmicutes;c__Negativicutes	1.0	1.0	0	3.0	3.0	1.0	6.0	2.0	2.0	6.0	1.0	0	1.0	0	2.0	1.0	0	1.0	8.0	4.0	0	1.0	0	3.0	1.0	1.0	5.0	0	1.0	3.0	0	1.0	3.0	0	2.0	2.0	3.0
sk__Bacteria;k__;p__Firmicutes;c__Negativicutes;o__Selenomonadales	1.0	0	1.0	0	1.0	0	0	1.0	2.0	2.0	0	0	0	5.0	3.0	3.0	0	0	1.0	0	0	2.0	1.0	0	0	0	1.0	0	0	1.0	0	0	0	1.0	0	0	0
sk__Bacteria;k__;p__Firmicutes;c__Negativicutes;o__Selenomonadales;f__Selenomonadaceae	84.0	8.0	44.0	14.0	53.0	44.0	206.0	51.0	35.0	86.0	73.0	16.0	2.0	51.0	44.0	22.0	0	14.0	49.0	26.0	0	128.0	31.0	60.0	36.0	6.0	69.0	32.0	15.0	42.0	7.0	67.0	32.0	3.0	132.0	38.0	96.0
sk__Bacteria;k__;p__Firmicutes;c__Negativicutes;o__Selenomonadales;f__Selenomonadaceae;g__Selenomonas	95.0	1.0	1.0	67.0	27.0	190.0	6.0	305.0	363.0	232.0	55.0	13.0	0	502.0	462.0	208.0	0	17.0	407.0	52.0	3.0	266.0	196.0	46.0	5.0	1.0	449.0	24.0	3.0	602.0	2.0	43.0	4.0	10.0	88.0	27.0	43.0
sk__Bacteria;k__;p__Firmicutes;c__Negativicutes;o__Selenomonadales;f__Selenomonadaceae;g__Selenomonas;s__Selenomonas_sp._oral_clone_JI021	0	0	0	1.0	0	0	0	0	91.0	0	1.0	0	0	0	0	0	0	0	0	0	0	0	4.0	0	0	0	7.0	0	0	8.0	0	0	0	0	0	0	0
sk__Bacteria;k__;p__Firmicutes;c__Negativicutes;o__Selenomonadales;f__Selenomonadaceae;g__Selenomonas;s__Selenomonas_sputigena	0	0	0	0	0	0	0	0	0	0	0	0	0	0	1.0	0	0	0	0	0	0	0	0	0	0	0	0	0	0	0	0	0	0	0	0	0	0
sk__Bacteria;k__;p__Firmicutes;c__Negativicutes;o__Selenomonadales;f__Sporomusaceae	0	0	0	0	0	0	0	0	0	0	0	0	0	1.0	0	0	0	0	0	0	0	0	0	0	0	0	0	0	0	0	0	0	0	0	0	0	0
sk__Bacteria;k__;p__Firmicutes;c__Negativicutes;o__Veillonellales	5.0	8.0	2.0	2.0	3.0	8.0	1.0	5.0	6.0	3.0	1.0	5.0	1.0	11.0	2.0	2.0	0	5.0	9.0	1.0	3.0	6.0	7.0	11.0	0	1.0	6.0	0	3.0	4.0	4.0	6.0	1.0	6.0	3.0	3.0	8.0
sk__Bacteria;k__;p__Firmicutes;c__Negativicutes;o__Veillonellales;f__Veillonellaceae	330.0	139.0	65.0	204.0	167.0	317.0	597.0	699.0	931.0	549.0	420.0	189.0	54.0	598.0	464.0	315.0	8.0	82.0	1169.0	458.0	65.0	844.0	623.0	342.0	135.0	19.0	2196.0	179.0	76.0	866.0	147.0	322.0	163.0	51.0	564.0	228.0	459.0
sk__Bacteria;k__;p__Firmicutes;c__Negativicutes;o__Veillonellales;f__Veillonellaceae;g__Allisonella	0	0	0	0	0	0	0	0	0	0	0	0	0	7.0	0	0	0	0	0	0	0	0	0	0	0	0	0	0	0	0	0	0	0	0	0	0	0
sk__Bacteria;k__;p__Firmicutes;c__Negativicutes;o__Veillonellales;f__Veillonellaceae;g__Anaeroglobus	37.0	0	0	14.0	11.0	84.0	0	60.0	33.0	1.0	3.0	0	0	49.0	10.0	15.0	0	0	214.0	2.0	0	149.0	73.0	1.0	0	0	294.0	22.0	0	247.0	0	1.0	0	3.0	0	0	0
sk__Bacteria;k__;p__Firmicutes;c__Negativicutes;o__Veillonellales;f__Veillonellaceae;g__Dialister	84.0	62.0	0	18.0	11.0	6.0	0	167.0	44.0	2.0	0	18.0	5.0	19.0	40.0	37.0	0	4.0	34.0	12.0	0	40.0	126.0	21.0	10.0	0	2.0	11.0	0	63.0	5.0	10.0	0	0	1.0	1.0	54.0
sk__Bacteria;k__;p__Firmicutes;c__Negativicutes;o__Veillonellales;f__Veillonellaceae;g__Dialister;s__Dialister_sp._oral_clone_MCE7_134	0	0	0	0	0	0	0	1.0	0	0	0	0	0	0	0	0	0	0	0	0	0	0	0	0	0	0	0	0	0	0	0	0	0	0	0	0	0
sk__Bacteria;k__;p__Firmicutes;c__Negativicutes;o__Veillonellales;f__Veillonellaceae;g__Megasphaera	7.0	37.0	0	0	10.0	2.0	0	0	2.0	0	2.0	0	0	41.0	0	0	0	0	23.0	3.0	0	7.0	250.0	1.0	0	0	3.0	0	1.0	0	13.0	0	0	2.0	2.0	0	19.0
sk__Bacteria;k__;p__Firmicutes;c__Negativicutes;o__Veillonellales;f__Veillonellaceae;g__Veillonella	835.0	1128.0	699.0	175.0	610.0	3958.0	229.0	305.0	52.0	278.0	751.0	732.0	66.0	738.0	397.0	40.0	12.0	984.0	486.0	1775.0	477.0	775.0	1666.0	3114.0	120.0	230.0	91.0	30.0	369.0	311.0	1239.0	301.0	355.0	1181.0	111.0	1042.0	946.0
sk__Bacteria;k__;p__Firmicutes;c__Tissierellia	0	0	0	0	0	0	0	0	7.0	0	0	0	0	0	0	0	0	0	0	0	0	0	3.0	0	0	0	0	0	0	0	0	0	0	0	0	4.0	0
sk__Bacteria;k__;p__Firmicutes;c__Tissierellia;o__;f__;g__Ezakiella	0	0	0	0	0	0	0	0	0	0	7.0	0	0	0	0	0	0	0	0	0	0	0	0	0	0	0	0	0	0	14.0	0	7.0	0	0	0	0	0
sk__Bacteria;k__;p__Firmicutes;c__Tissierellia;o__Tissierellales	0	1.0	0	1.0	0	0	0	0	2.0	0	1.0	0	0	0	0	1.0	0	0	0	1.0	1.0	1.0	0	0	0	0	0	0	0	0	0	0	0	0	0	1.0	0
sk__Bacteria;k__;p__Firmicutes;c__Tissierellia;o__Tissierellales;f__Peptoniphilaceae	0	0	0	0	0	1.0	0	0	1.0	0	2.0	0	1.0	2.0	0	0	0	0	0	0	0	0	0	0	0	0	0	0	0	0	0	0	0	0	0	0	0
sk__Bacteria;k__;p__Firmicutes;c__Tissierellia;o__Tissierellales;f__Peptoniphilaceae;g__Murdochiella	0	0	0	0	0	0	0	0	0	0	0	0	0	0	0	0	0	0	0	0	0	0	0	0	0	0	0	0	0	0	0	0	0	0	0	1.0	0
sk__Bacteria;k__;p__Firmicutes;c__Tissierellia;o__Tissierellales;f__Peptoniphilaceae;g__Parvimonas	11.0	6.0	0	9.0	6.0	62.0	0	0	10.0	9.0	35.0	0	7.0	64.0	12.0	28.0	0	1.0	8.0	6.0	0	5.0	29.0	3.0	5.0	0	5.0	11.0	1.0	9.0	0	5.0	1.0	1.0	1.0	23.0	6.0
sk__Bacteria;k__;p__Firmicutes;c__Tissierellia;o__Tissierellales;f__Peptoniphilaceae;g__Peptoniphilus	0	0	0	0	0	0	0	0	0	0	0	0	0	0	0	0	0	0	0	0	0	0	1.0	0	0	0	0	0	0	0	0	0	0	0	0	0	0
sk__Bacteria;k__;p__Fusobacteria	0	0	0	0	0	0	0	0	0	0	0	0	0	0	0	0	0	0	20.0	0	0	25.0	0	0	0	0	1.0	0	0	0	0	1.0	0	0	0	0	0
sk__Bacteria;k__;p__Fusobacteria;c__Fusobacteriia;o__Fusobacteriales	5.0	5.0	0	6.0	1.0	1.0	3.0	2.0	3.0	3.0	3.0	0	0	2.0	4.0	4.0	2.0	0	3.0	8.0	4.0	1.0	2.0	4.0	1.0	0	8.0	1.0	4.0	5.0	0	7.0	2.0	1.0	3.0	4.0	4.0
sk__Bacteria;k__;p__Fusobacteria;c__Fusobacteriia;o__Fusobacteriales;f__Fusobacteriaceae	6.0	8.0	0	6.0	3.0	3.0	9.0	8.0	2.0	4.0	11.0	1.0	2.0	14.0	12.0	7.0	5.0	1.0	13.0	11.0	4.0	10.0	9.0	12.0	3.0	1.0	15.0	0	17.0	11.0	0	8.0	2.0	3.0	7.0	8.0	10.0
sk__Bacteria;k__;p__Fusobacteria;c__Fusobacteriia;o__Fusobacteriales;f__Fusobacteriaceae;g__Fusobacterium	586.0	717.0	62.0	780.0	772.0	799.0	1298.0	1987.0	770.0	403.0	1713.0	162.0	295.0	1586.0	986.0	473.0	245.0	27.0	1024.0	854.0	381.0	975.0	1155.0	1312.0	853.0	108.0	1147.0	602.0	1505.0	776.0	92.0	1040.0	660.0	272.0	363.0	791.0	1036.0
sk__Bacteria;k__;p__Fusobacteria;c__Fusobacteriia;o__Fusobacteriales;f__Fusobacteriaceae;g__Fusobacterium;s__Fusobacterium_nucleatum	0	0	0	1.0	0	0	0	1.0	0	0	0	0	0	1.0	0	0	0	0	0	0	0	0	2.0	0	0	0	0	0	0	0	0	0	0	0	0	0	0
sk__Bacteria;k__;p__Fusobacteria;c__Fusobacteriia;o__Fusobacteriales;f__Leptotrichiaceae	7.0	3.0	0	1.0	5.0	5.0	8.0	0	2.0	2.0	6.0	3.0	2.0	4.0	10.0	2.0	4.0	3.0	7.0	10.0	14.0	6.0	3.0	8.0	5.0	1.0	6.0	4.0	3.0	5.0	0	8.0	3.0	3.0	11.0	4.0	7.0
sk__Bacteria;k__;p__Fusobacteria;c__Fusobacteriia;o__Fusobacteriales;f__Leptotrichiaceae;g__Leptotrichia	1781.0	365.0	25.0	714.0	848.0	430.0	3988.0	828.0	778.0	1906.0	1870.0	80.0	483.0	768.0	2188.0	538.0	1582.0	676.0	1346.0	1832.0	2655.0	897.0	284.0	711.0	579.0	191.0	829.0	1206.0	1366.0	2780.0	419.0	1969.0	1350.0	372.0	2683.0	2346.0	919.0
sk__Bacteria;k__;p__Fusobacteria;c__Fusobacteriia;o__Fusobacteriales;f__Leptotrichiaceae;g__Leptotrichia;s__Leptotrichia_buccalis	1.0	0	0	0	0	0	2.0	0	0	0	0	0	0	0	3.0	0	0	0	0	2.0	0	0	0	0	1.0	0	0	0	0	0	0	1.0	0	0	0	0	0
sk__Bacteria;k__;p__Fusobacteria;c__Fusobacteriia;o__Fusobacteriales;f__Leptotrichiaceae;g__Leptotrichia;s__Leptotrichia_shahii	0	0	0	0	0	0	0	0	0	0	0	0	0	0	0	0	0	0	0	0	3.0	0	0	0	0	0	0	0	0	0	0	0	0	0	0	0	0
sk__Bacteria;k__;p__Fusobacteria;c__Fusobacteriia;o__Fusobacteriales;f__Leptotrichiaceae;g__Leptotrichia;s__Leptotrichia_sp._oral_clone_EI022	0	0	0	0	0	0	0	0	0	0	0	0	0	0	0	0	0	0	0	0	0	0	0	1.0	0	0	0	0	0	0	0	0	0	0	0	1.0	0
sk__Bacteria;k__;p__Fusobacteria;c__Fusobacteriia;o__Fusobacteriales;f__Leptotrichiaceae;g__Leptotrichia;s__Leptotrichia_sp._oral_clone_EX103	0	0	0	0	0	0	0	0	0	0	0	0	0	0	0	0	0	0	0	0	1.0	0	0	0	0	0	0	0	0	1.0	0	0	0	0	0	0	0
sk__Bacteria;k__;p__Fusobacteria;c__Fusobacteriia;o__Fusobacteriales;f__Leptotrichiaceae;g__Leptotrichia;s__Leptotrichia_sp._oral_clone_FP036	0	0	0	0	0	0	0	0	0	0	0	0	0	0	0	0	0	0	0	1.0	0	0	0	0	0	0	0	0	0	0	0	0	0	0	0	0	0
sk__Bacteria;k__;p__Fusobacteria;c__Fusobacteriia;o__Fusobacteriales;f__Leptotrichiaceae;g__Leptotrichia;s__Leptotrichia_sp._oral_taxon_212	55.0	0	0	0	49.0	0	38.0	0	3.0	6.0	189.0	0	3.0	1.0	1.0	2.0	258.0	0	2.0	1.0	1.0	11.0	1.0	15.0	3.0	5.0	2.0	16.0	1.0	20.0	0	161.0	6.0	2.0	1.0	11.0	3.0
sk__Bacteria;k__;p__Fusobacteria;c__Fusobacteriia;o__Fusobacteriales;f__Leptotrichiaceae;g__Leptotrichia;s__Leptotrichia_wadei	0	0	0	0	0	0	0	0	0	0	0	0	0	0	0	0	0	0	0	0	0	0	0	0	0	0	0	0	0	0	0	0	0	0	1.0	0	0
sk__Bacteria;k__;p__Fusobacteria;c__Fusobacteriia;o__Fusobacteriales;f__Leptotrichiaceae;g__Streptobacillus	0	0	0	0	2.0	0	0	0	0	0	0	0	0	0	0	0	0	0	0	0	0	0	0	0	0	0	0	0	0	0	0	2.0	0	0	0	0	0
sk__Bacteria;k__;p__Gemmatimonadetes;c__Gemmatimonadetes;o__Gemmatimonadales;f__Gemmatimonadaceae	0	0	0	0	0	0	0	0	0	0	0	0	0	0	0	0	0	0	0	0	0	0	0	0	0	0	0	0	0	0	0	0	0	0	0	1.0	0
sk__Bacteria;k__;p__Proteobacteria	2.0	2.0	6.0	2.0	0	0	0	0	0	2.0	0	1.0	2.0	1.0	1.0	3.0	1.0	2.0	2.0	0	4.0	0	0	0	2.0	0	0	0	0	1.0	1.0	0	1.0	2.0	1.0	2.0	0
sk__Bacteria;k__;p__Proteobacteria;c__Alphaproteobacteria	0	0	0	0	0	0	0	0	1.0	0	1.0	1.0	0	1.0	2.0	0	0	0	0	0	1.0	0	3.0	0	0	0	0	0	0	0	0	0	0	0	0	0	0
sk__Bacteria;k__;p__Proteobacteria;c__Alphaproteobacteria;o__Caulobacterales;f__Caulobacteraceae	0	0	0	0	0	0	0	0	0	0	0	0	0	0	0	0	0	0	0	0	0	0	0	1.0	0	0	0	0	0	0	0	0	0	0	0	0	0
sk__Bacteria;k__;p__Proteobacteria;c__Alphaproteobacteria;o__Rhizobiales	0	0	0	0	0	0	1.0	0	0	0	0	1.0	0	0	0	0	0	0	0	0	1.0	0	0	1.0	0	0	0	0	2.0	0	0	0	0	0	0	0	0
sk__Bacteria;k__;p__Proteobacteria;c__Alphaproteobacteria;o__Rhizobiales;f__Hyphomicrobiaceae	0	0	0	0	0	0	0	0	0	1.0	0	0	0	0	0	0	0	0	0	0	0	0	0	0	0	0	0	0	0	0	0	0	0	0	0	0	0
sk__Bacteria;k__;p__Proteobacteria;c__Alphaproteobacteria;o__Rhizobiales;f__Hyphomicrobiaceae;g__Pelagibacterium	0	0	0	0	0	0	0	0	0	0	0	0	0	0	0	0	0	0	0	0	0	1.0	0	0	0	0	0	0	0	0	0	0	0	0	0	0	0
sk__Bacteria;k__;p__Proteobacteria;c__Alphaproteobacteria;o__Rhizobiales;f__Phyllobacteriaceae	0	0	0	0	0	0	0	0	0	0	0	0	0	0	0	0	0	0	0	0	1.0	0	0	0	0	0	0	0	0	0	0	0	0	0	0	0	0
sk__Bacteria;k__;p__Proteobacteria;c__Alphaproteobacteria;o__Rhizobiales;f__Phyllobacteriaceae;g__Mesorhizobium	0	0	0	0	0	0	0	0	0	0	0	0	0	0	0	0	0	0	0	0	1.0	0	0	0	0	0	0	0	0	0	0	0	0	0	0	0	0
sk__Bacteria;k__;p__Proteobacteria;c__Alphaproteobacteria;o__Rhizobiales;f__Xanthobacteraceae	1.0	0	0	0	0	0	0	0	0	0	0	0	0	0	0	0	0	0	0	1.0	0	0	0	0	0	0	0	0	0	0	0	0	0	0	0	0	0
sk__Bacteria;k__;p__Proteobacteria;c__Alphaproteobacteria;o__Rhodobacterales;f__Hyphomonadaceae;g__Hirschia	0	0	0	0	0	0	0	0	0	0	0	0	0	1.0	0	0	0	0	0	0	0	0	0	0	0	0	0	0	0	0	0	0	0	0	0	0	0
sk__Bacteria;k__;p__Proteobacteria;c__Alphaproteobacteria;o__Rhodospirillales	0	0	0	0	0	0	0	0	0	0	6.0	0	0	0	0	0	0	0	0	0	0	0	1.0	0	0	0	0	0	0	0	0	0	0	0	0	1.0	0
sk__Bacteria;k__;p__Proteobacteria;c__Alphaproteobacteria;o__Rhodospirillales;f__Rhodospirillaceae;g__Defluviicoccus	0	0	0	0	0	0	0	0	0	0	0	0	0	0	0	0	0	0	0	0	0	0	0	0	0	0	0	0	0	1.0	0	0	0	0	0	0	0
sk__Bacteria;k__;p__Proteobacteria;c__Alphaproteobacteria;o__Sphingomonadales	0	0	0	0	0	0	0	0	1.0	0	0	0	0	0	0	0	0	0	0	0	0	0	0	0	0	0	0	0	0	0	0	0	0	0	0	0	0
sk__Bacteria;k__;p__Proteobacteria;c__Alphaproteobacteria;o__Sphingomonadales;f__Erythrobacteraceae	0	0	0	0	0	0	0	0	0	0	0	0	0	0	0	0	0	0	0	0	0	0	0	0	0	0	0	0	0	0	0	0	0	0	1.0	0	0
sk__Bacteria;k__;p__Proteobacteria;c__Alphaproteobacteria;o__Sphingomonadales;f__Sphingomonadaceae	0	0	0	0	0	0	0	0	0	0	0	0	0	0	0	0	0	0	0	0	0	0	1.0	0	0	0	0	0	0	0	0	0	0	0	0	0	0
sk__Bacteria;k__;p__Proteobacteria;c__Alphaproteobacteria;o__Sphingomonadales;f__Sphingomonadaceae;g__Sphingomonas	0	0	0	0	0	0	0	0	1.0	0	1.0	1.0	0	0	0	0	0	0	0	0	1.0	0	0	0	0	0	0	0	0	1.0	0	0	0	0	0	0	0
sk__Bacteria;k__;p__Proteobacteria;c__Betaproteobacteria	2.0	3.0	16.0	1.0	0	0	0	0	2.0	2.0	0	1.0	1.0	1.0	1.0	11.0	19.0	9.0	1.0	0	8.0	0	0	0	5.0	5.0	1.0	6.0	8.0	0	1.0	1.0	4.0	8.0	0	1.0	0
sk__Bacteria;k__;p__Proteobacteria;c__Betaproteobacteria;o__Burkholderiales	5.0	11.0	6.0	7.0	2.0	1.0	2.0	0	10.0	7.0	0	4.0	12.0	1.0	2.0	13.0	15.0	11.0	1.0	2.0	4.0	0	0	0	7.0	0	0	5.0	2.0	2.0	1.0	2.0	1.0	8.0	1.0	9.0	0
sk__Bacteria;k__;p__Proteobacteria;c__Betaproteobacteria;o__Burkholderiales;f__Burkholderiaceae	4.0	13.0	50.0	17.0	3.0	3.0	1.0	0	0	2.0	3.0	29.0	8.0	4.0	3.0	5.0	18.0	33.0	3.0	22.0	14.0	4.0	0	1.0	19.0	5.0	3.0	22.0	3.0	1.0	5.0	7.0	10.0	30.0	4.0	4.0	2.0
sk__Bacteria;k__;p__Proteobacteria;c__Betaproteobacteria;o__Burkholderiales;f__Burkholderiaceae;g__Lautropia	19.0	363.0	1367.0	611.0	97.0	27.0	116.0	38.0	5.0	143.0	215.0	1279.0	329.0	126.0	38.0	50.0	868.0	1014.0	222.0	666.0	1132.0	116.0	28.0	76.0	1320.0	300.0	42.0	1552.0	181.0	54.0	261.0	305.0	487.0	554.0	146.0	147.0	40.0
sk__Bacteria;k__;p__Proteobacteria;c__Betaproteobacteria;o__Burkholderiales;f__Burkholderiaceae;g__Lautropia;s__Lautropia_mirabilis	0	21.0	84.0	32.0	3.0	1.0	15.0	0	0	6.0	10.0	90.0	17.0	4.0	1.0	2.0	18.0	61.0	10.0	39.0	52.0	7.0	3.0	5.0	62.0	9.0	1.0	86.0	4.0	1.0	17.0	12.0	28.0	39.0	4.0	10.0	2.0
sk__Bacteria;k__;p__Proteobacteria;c__Betaproteobacteria;o__Burkholderiales;f__Burkholderiaceae;g__Limnobacter	0	1.0	0	0	0	0	0	0	0	0	0	0	0	0	0	0	0	0	0	1.0	0	0	0	0	0	0	0	0	0	0	0	0	0	0	0	0	0
sk__Bacteria;k__;p__Proteobacteria;c__Betaproteobacteria;o__Burkholderiales;f__Comamonadaceae	63.0	230.0	0	27.0	7.0	3.0	19.0	8.0	217.0	170.0	5.0	10.0	68.0	5.0	7.0	113.0	94.0	1.0	11.0	3.0	23.0	7.0	6.0	11.0	171.0	0	18.0	15.0	11.0	6.0	1.0	0	2.0	6.0	9.0	98.0	0
sk__Bacteria;k__;p__Proteobacteria;c__Betaproteobacteria;o__Burkholderiales;f__Comamonadaceae;g__Brachymonas	6.0	28.0	0	2.0	0	0	0	0	0	7.0	0	1.0	1.0	0	0	2.0	1.0	0	2.0	0	0	1.0	0	0	1.0	0	0	0	0	0	0	0	0	0	1.0	3.0	0
sk__Bacteria;k__;p__Proteobacteria;c__Betaproteobacteria;o__Burkholderiales;f__Comamonadaceae;g__Comamonas	592.0	367.0	0	113.0	45.0	17.0	176.0	50.0	71.0	154.0	26.0	70.0	118.0	49.0	59.0	941.0	447.0	13.0	56.0	12.0	135.0	51.0	9.0	46.0	224.0	2.0	254.0	164.0	15.0	105.0	0	20.0	16.0	49.0	97.0	439.0	3.0
sk__Bacteria;k__;p__Proteobacteria;c__Betaproteobacteria;o__Burkholderiales;f__Oxalobacteraceae	0	0	1.0	0	0	0	0	0	0	0	0	0	0	0	0	0	0	0	0	0	0	0	0	0	0	0	0	0	0	0	0	0	0	0	0	0	0
sk__Bacteria;k__;p__Proteobacteria;c__Betaproteobacteria;o__Burkholderiales;f__Oxalobacteraceae;g__Undibacterium	0	0	0	0	0	0	0	0	0	0	0	0	0	0	0	0	0	0	0	0	0	0	0	0	0	0	0	1.0	0	0	0	0	0	0	0	0	0
sk__Bacteria;k__;p__Proteobacteria;c__Betaproteobacteria;o__Neisseriales	2.0	0	1.0	1.0	0	1.0	1.0	0	0	1.0	1.0	0	3.0	0	0	12.0	6.0	1.0	0	2.0	5.0	0	0	3.0	3.0	0	3.0	1.0	2.0	1.0	2.0	3.0	7.0	0	2.0	2.0	0
sk__Bacteria;k__;p__Proteobacteria;c__Betaproteobacteria;o__Neisseriales;f__Chromobacteriaceae	0	0	2.0	0	1.0	0	0	0	0	0	0	0	0	0	0	0	0	0	0	0	0	0	0	0	0	0	0	1.0	0	0	0	0	0	1.0	0	0	0
sk__Bacteria;k__;p__Proteobacteria;c__Betaproteobacteria;o__Neisseriales;f__Neisseriaceae	789.0	1026.0	212.0	1457.0	843.0	261.0	260.0	75.0	495.0	473.0	348.0	230.0	1740.0	119.0	309.0	1075.0	1772.0	2637.0	146.0	85.0	1744.0	221.0	101.0	293.0	1030.0	282.0	122.0	617.0	359.0	165.0	548.0	185.0	324.0	2317.0	74.0	1545.0	385.0
sk__Bacteria;k__;p__Proteobacteria;c__Betaproteobacteria;o__Neisseriales;f__Neisseriaceae;g__Bergeriella;s__Bergeriella_denitrificans	0	0	0	0	0	0	0	0	0	0	0	0	0	0	0	0	0	0	0	0	0	0	1.0	0	0	0	0	0	0	0	0	0	0	0	0	2.0	0
sk__Bacteria;k__;p__Proteobacteria;c__Betaproteobacteria;o__Neisseriales;f__Neisseriaceae;g__Conchiformibius	0	0	0	1.0	2.0	0	0	0	1.0	0	1.0	0	1.0	1.0	0	0	4.0	2.0	0	0	1.0	1.0	0	0	1.0	34.0	0	1.0	11.0	0	0	0	8.0	0	0	1.0	0
sk__Bacteria;k__;p__Proteobacteria;c__Betaproteobacteria;o__Neisseriales;f__Neisseriaceae;g__Conchiformibius;s__Conchiformibius_kuhniae	0	0	1.0	0	0	0	0	0	0	0	0	0	0	0	0	0	0	0	0	0	0	0	0	0	0	0	0	0	0	0	0	0	0	0	0	0	0
sk__Bacteria;k__;p__Proteobacteria;c__Betaproteobacteria;o__Neisseriales;f__Neisseriaceae;g__Eikenella	151.0	136.0	5.0	90.0	82.0	137.0	4.0	11.0	48.0	39.0	46.0	77.0	56.0	11.0	66.0	38.0	74.0	157.0	81.0	12.0	53.0	72.0	25.0	7.0	58.0	13.0	65.0	71.0	43.0	16.0	137.0	25.0	122.0	58.0	4.0	63.0	11.0
sk__Bacteria;k__;p__Proteobacteria;c__Betaproteobacteria;o__Neisseriales;f__Neisseriaceae;g__Eikenella;s__Eikenella_corrodens	0	0	0	0	0	0	1.0	0	1.0	0	1.0	0	1.0	0	0	0	1.0	2.0	1.0	0	0	0	0	0	0	0	0	0	1.0	0	0	1.0	1.0	1.0	0	0	0
sk__Bacteria;k__;p__Proteobacteria;c__Betaproteobacteria;o__Neisseriales;f__Neisseriaceae;g__Kingella	25.0	29.0	306.0	18.0	140.0	23.0	276.0	14.0	3.0	27.0	7.0	24.0	60.0	15.0	9.0	417.0	126.0	114.0	76.0	23.0	75.0	9.0	31.0	109.0	105.0	51.0	15.0	38.0	32.0	74.0	515.0	22.0	42.0	198.0	13.0	82.0	92.0
sk__Bacteria;k__;p__Proteobacteria;c__Betaproteobacteria;o__Neisseriales;f__Neisseriaceae;g__Neisseria	2638.0	377.0	1050.0	658.0	2042.0	170.0	724.0	149.0	631.0	614.0	414.0	554.0	2556.0	544.0	427.0	911.0	4587.0	3163.0	722.0	686.0	1947.0	535.0	223.0	645.0	3167.0	6729.0	294.0	2218.0	4410.0	250.0	400.0	3305.0	5019.0	2488.0	863.0	848.0	194.0
sk__Bacteria;k__;p__Proteobacteria;c__Betaproteobacteria;o__Neisseriales;f__Neisseriaceae;g__Neisseria;s__Neisseria_elongata	0	0	0	1.0	0	0	0	0	1.0	0	0	0	0	0	0	0	0	0	0	0	1.0	0	0	1.0	0	0	0	0	0	0	0	0	1.0	0	0	0	0
sk__Bacteria;k__;p__Proteobacteria;c__Betaproteobacteria;o__Neisseriales;f__Neisseriaceae;g__Neisseria;s__Neisseria_flavescens	3.0	2.0	1.0	0	0	0	0	0	0	0	0	0	2.0	1.0	0	0	3.0	8.0	0	0	0	1.0	0	0	0	5.0	0	0	0	0	0	1.0	1.0	1.0	0	0	0
sk__Bacteria;k__;p__Proteobacteria;c__Betaproteobacteria;o__Neisseriales;f__Neisseriaceae;g__Neisseria;s__Neisseria_lactamica	2.0	0	0	0	0	0	0	0	0	0	0	0	1.0	0	0	0	0	0	0	0	0	0	0	0	0	0	0	0	0	0	0	0	0	0	0	0	0
sk__Bacteria;k__;p__Proteobacteria;c__Betaproteobacteria;o__Neisseriales;f__Neisseriaceae;g__Neisseria;s__Neisseria_oralis	1.0	0	0	0	0	0	0	0	0	0	0	0	0	0	0	0	0	0	0	0	0	0	0	0	0	0	0	0	0	0	0	0	0	0	0	0	0
sk__Bacteria;k__;p__Proteobacteria;c__Betaproteobacteria;o__Neisseriales;f__Neisseriaceae;g__Simonsiella	2.0	1.0	1.0	0	0	0	0	0	1.0	0	0	1.0	8.0	0	0	1.0	11.0	10.0	0	0	2.0	1.0	0	0	4.0	2.0	0	2.0	3.0	0	0	1.0	2.0	18.0	0	0	0
sk__Bacteria;k__;p__Proteobacteria;c__Betaproteobacteria;o__Nitrosomonadales	0	0	0	0	0	0	0	0	0	0	0	0	0	0	0	0	1.0	0	0	0	0	0	0	0	0	0	0	0	0	0	0	0	0	0	0	0	0
sk__Bacteria;k__;p__Proteobacteria;c__Betaproteobacteria;o__Nitrosomonadales;f__Gallionellaceae	1.0	0	0	0	0	0	0	0	0	0	1.0	0	0	0	1.0	0	1.0	0	1.0	0	0	0	0	0	4.0	0	0	0	0	0	0	0	0	0	0	0	0
sk__Bacteria;k__;p__Proteobacteria;c__Betaproteobacteria;o__Nitrosomonadales;f__Gallionellaceae;g__Candidatus_Nitrotoga	0	0	0	0	0	0	0	0	0	0	0	0	0	0	0	0	1.0	0	0	0	0	0	0	0	0	0	0	0	0	0	0	0	0	0	0	0	0
sk__Bacteria;k__;p__Proteobacteria;c__Betaproteobacteria;o__Nitrosomonadales;f__Nitrosomonadaceae	0	0	0	1.0	0	0	0	0	0	0	0	0	0	0	1.0	0	0	0	0	0	0	0	0	0	1.0	0	0	0	0	0	0	0	0	0	0	0	0
sk__Bacteria;k__;p__Proteobacteria;c__Betaproteobacteria;o__Rhodocyclales	0	0	0	0	0	0	0	0	0	0	0	0	0	0	1.0	0	0	0	0	0	0	0	0	0	0	0	0	0	0	0	0	0	0	0	0	0	0
sk__Bacteria;k__;p__Proteobacteria;c__Betaproteobacteria;o__Rhodocyclales;f__Rhodocyclaceae	0	0	0	0	0	0	0	0	0	0	0	1.0	0	0	0	0	0	0	0	0	0	0	0	0	0	0	0	0	0	0	0	1.0	0	0	0	0	0
sk__Bacteria;k__;p__Proteobacteria;c__Betaproteobacteria;o__Rhodocyclales;f__Rhodocyclaceae;g__Propionivibrio	14.0	1.0	0	6.0	0	0	4.0	0	2.0	31.0	2.0	13.0	2.0	0	23.0	1.0	2.0	5.0	0	5.0	0	1.0	1.0	1.0	7.0	0	6.0	0	1.0	1.0	0	23.0	0	0	0	0	0
sk__Bacteria;k__;p__Proteobacteria;c__Deltaproteobacteria	0	0	0	0	0	0	0	0	0	0	0	0	0	0	0	0	0	0	0	0	0	0	1.0	0	0	0	0	0	0	0	0	0	0	0	0	0	0
sk__Bacteria;k__;p__Proteobacteria;c__Deltaproteobacteria;o__Bradymonadales	0	0	0	0	0	0	0	0	0	0	0	0	0	0	0	1.0	0	0	0	0	0	0	0	0	0	0	0	0	0	0	0	0	0	0	0	0	0
sk__Bacteria;k__;p__Proteobacteria;c__Deltaproteobacteria;o__Desulfobacterales;f__Desulfobulbaceae	0	0	0	0	0	0	0	0	1.0	0	0	0	0	0	0	0	0	0	0	0	0	0	0	0	0	0	0	0	0	0	0	0	0	0	0	0	0
sk__Bacteria;k__;p__Proteobacteria;c__Deltaproteobacteria;o__Desulfobacterales;f__Desulfobulbaceae;g__Desulfobulbus	1.0	1.0	0	5.0	0	0	0	12.0	70.0	0	12.0	0	0	0	0	2.0	1.0	0	3.0	0	0	11.0	9.0	0	0	0	2.0	0	0	10.0	0	0	0	0	0	8.0	0
sk__Bacteria;k__;p__Proteobacteria;c__Deltaproteobacteria;o__Desulfovibrionales;f__Desulfomicrobiaceae;g__Desulfomicrobium	0	0	0	0	0	0	0	0	0	12.0	0	0	0	0	7.0	3.0	0	0	0	0	0	0	0	0	0	0	0	0	0	0	0	0	0	0	0	0	0
sk__Bacteria;k__;p__Proteobacteria;c__Deltaproteobacteria;o__Desulfovibrionales;f__Desulfovibrionaceae	0	0	0	0	0	0	0	2.0	0	0	0	0	0	0	0	3.0	0	0	0	0	0	0	6.0	0	0	0	1.0	0	0	0	0	0	0	0	0	0	0
sk__Bacteria;k__;p__Proteobacteria;c__Deltaproteobacteria;o__Desulfovibrionales;f__Desulfovibrionaceae;g__Desulfovibrio	0	0	0	0	0	0	0	73.0	1.0	0	1.0	11.0	0	0	6.0	15.0	0	0	0	1.0	0	2.0	1.0	0	0	0	34.0	0	0	0	0	0	0	0	0	0	0
sk__Bacteria;k__;p__Proteobacteria;c__Deltaproteobacteria;o__Myxococcales;f__Phaselicystidaceae;g__Phaselicystis	0	0	0	0	0	0	0	0	0	0	0	0	0	0	0	4.0	0	0	0	0	0	0	0	0	0	0	0	0	0	0	0	0	0	0	0	0	0
sk__Bacteria;k__;p__Proteobacteria;c__Epsilonproteobacteria;o__Campylobacterales	1.0	1.0	0	0	1.0	0	0	0	0	0	0	2.0	0	0	0	0	0	0	1.0	1.0	0	0	0	1.0	0	0	0	0	0	2.0	0	0	0	0	0	0	1.0
sk__Bacteria;k__;p__Proteobacteria;c__Epsilonproteobacteria;o__Campylobacterales;f__Campylobacteraceae	0	0	0	0	0	1.0	0	0	0	0	0	0	0	0	1.0	0	0	0	0	0	0	0	0	2.0	1.0	0	0	0	0	0	0	0	0	0	0	0	0
sk__Bacteria;k__;p__Proteobacteria;c__Epsilonproteobacteria;o__Campylobacterales;f__Campylobacteraceae;g__Campylobacter	131.0	82.0	59.0	147.0	342.0	215.0	178.0	90.0	243.0	166.0	190.0	133.0	183.0	266.0	833.0	388.0	34.0	26.0	241.0	200.0	70.0	190.0	126.0	379.0	356.0	30.0	150.0	52.0	75.0	417.0	55.0	104.0	66.0	76.0	187.0	125.0	540.0
sk__Bacteria;k__;p__Proteobacteria;c__Epsilonproteobacteria;o__Campylobacterales;f__Campylobacteraceae;g__Campylobacter;s__Campylobacter_concisus	0	4.0	0	1.0	15.0	1.0	0	0	1.0	2.0	0	0	1.0	3.0	4.0	0	0	1.0	10.0	6.0	1.0	2.0	0	27.0	5.0	0	0	0	0	0	9.0	1.0	0	1.0	1.0	1.0	5.0
sk__Bacteria;k__;p__Proteobacteria;c__Epsilonproteobacteria;o__Campylobacterales;f__Helicobacteraceae;g__Wolinella	0	0	0	2.0	0	0	0	14.0	5.0	0	0	0	0	1.0	0	0	0	0	0	0	0	0	12.0	0	0	0	0	0	0	3.0	0	0	0	0	0	0	0
sk__Bacteria;k__;p__Proteobacteria;c__Gammaproteobacteria	2.0	0	8.0	0	1.0	2.0	2.0	1.0	0	2.0	1.0	2.0	2.0	3.0	0	0	6.0	5.0	3.0	0	2.0	0	0	3.0	4.0	2.0	1.0	3.0	2.0	1.0	1.0	2.0	3.0	1.0	1.0	1.0	2.0
sk__Bacteria;k__;p__Proteobacteria;c__Gammaproteobacteria;o__;f__;g__Acidibacter	0	0	0	0	0	0	0	0	0	0	0	0	0	0	0	0	0	0	1.0	0	0	0	0	0	0	0	0	0	0	0	0	0	0	0	0	0	0
sk__Bacteria;k__;p__Proteobacteria;c__Gammaproteobacteria;o__Alteromonadales;f__Shewanellaceae	0	0	0	0	0	0	0	1.0	0	0	0	0	0	0	0	0	1.0	0	0	0	2.0	0	0	0	0	0	0	1.0	0	0	0	1.0	0	0	0	0	0
sk__Bacteria;k__;p__Proteobacteria;c__Gammaproteobacteria;o__Cardiobacteriales	0	0	0	0	0	0	2.0	1.0	0	0	2.0	0	0	0	0	0	2.0	0	1.0	1.0	4.0	0	0	1.0	0	0	0	0	0	1.0	1.0	0	0	0	1.0	1.0	0
sk__Bacteria;k__;p__Proteobacteria;c__Gammaproteobacteria;o__Cardiobacteriales;f__Cardiobacteriaceae	74.0	4.0	181.0	35.0	18.0	83.0	243.0	50.0	0	72.0	15.0	216.0	74.0	39.0	33.0	10.0	99.0	42.0	136.0	32.0	290.0	12.0	20.0	113.0	189.0	56.0	74.0	111.0	35.0	55.0	61.0	90.0	38.0	35.0	148.0	123.0	122.0
sk__Bacteria;k__;p__Proteobacteria;c__Gammaproteobacteria;o__Cardiobacteriales;f__Cardiobacteriaceae;g__Cardiobacterium	20.0	10.0	45.0	17.0	15.0	1.0	102.0	10.0	11.0	379.0	207.0	92.0	38.0	63.0	176.0	72.0	33.0	42.0	101.0	31.0	540.0	19.0	22.0	36.0	202.0	15.0	225.0	145.0	39.0	20.0	256.0	14.0	15.0	11.0	79.0	238.0	59.0
sk__Bacteria;k__;p__Proteobacteria;c__Gammaproteobacteria;o__Cellvibrionales	0	0	0	0	0	0	0	0	0	0	0	0	0	0	0	0	0	0	0	1.0	0	0	0	0	0	0	0	0	0	0	0	0	0	0	0	0	0
sk__Bacteria;k__;p__Proteobacteria;c__Gammaproteobacteria;o__Enterobacterales	0	0	0	0	0	0	0	0	0	0	0	0	0	0	0	0	0	0	0	0	0	0	0	0	0	0	0	0	0	0	1.0	0	0	0	0	0	0
sk__Bacteria;k__;p__Proteobacteria;c__Gammaproteobacteria;o__Enterobacterales;f__Enterobacteriaceae	0	0	0	0	0	1.0	0	0	0	0	0	1.0	2.0	0	0	0	0	1.0	0	0	0	0	0	1.0	0	1.0	0	0	0	0	1.0	1.0	1.0	1.0	0	1.0	0
sk__Bacteria;k__;p__Proteobacteria;c__Gammaproteobacteria;o__Enterobacterales;f__Erwiniaceae	0	0	0	0	0	0	0	0	0	0	0	0	0	0	0	0	0	0	0	0	0	0	0	0	0	0	0	0	0	0	0	0	1.0	0	0	0	0
sk__Bacteria;k__;p__Proteobacteria;c__Gammaproteobacteria;o__Legionellales;f__Legionellaceae;g__Legionella	0	0	0	0	0	0	0	0	0	1.0	0	0	0	0	0	0	0	0	0	0	0	0	0	0	0	0	0	0	0	0	0	0	0	0	0	0	0
sk__Bacteria;k__;p__Proteobacteria;c__Gammaproteobacteria;o__Nevskiales;f__Sinobacteraceae;g__Nevskia	0	0	0	0	0	0	0	0	0	0	0	0	0	0	0	0	0	0	0	0	1.0	0	0	0	0	0	0	0	0	0	0	0	0	0	0	0	0
sk__Bacteria;k__;p__Proteobacteria;c__Gammaproteobacteria;o__Pasteurellales	2.0	3.0	4.0	2.0	3.0	1.0	0	0	2.0	0	1.0	4.0	3.0	5.0	0	1.0	3.0	5.0	0	6.0	3.0	0	0	1.0	2.0	4.0	2.0	1.0	3.0	1.0	3.0	6.0	3.0	2.0	0	0	1.0
sk__Bacteria;k__;p__Proteobacteria;c__Gammaproteobacteria;o__Pasteurellales;f__Pasteurellaceae	47.0	387.0	1819.0	918.0	344.0	940.0	57.0	43.0	60.0	291.0	120.0	3386.0	1609.0	76.0	261.0	13.0	469.0	246.0	107.0	408.0	491.0	21.0	61.0	1016.0	1758.0	2064.0	83.0	226.0	734.0	44.0	2463.0	1252.0	1192.0	1011.0	27.0	205.0	148.0
sk__Bacteria;k__;p__Proteobacteria;c__Gammaproteobacteria;o__Pasteurellales;f__Pasteurellaceae;g__;s__Bisgaard_Taxon_7	0	5.0	9.0	6.0	0	5.0	2.0	0	0	3.0	1.0	20.0	7.0	0	0	0	2.0	0	0	4.0	3.0	0	0	5.0	8.0	24.0	0	4.0	5.0	0	14.0	13.0	5.0	8.0	0	0	1.0
sk__Bacteria;k__;p__Proteobacteria;c__Gammaproteobacteria;o__Pasteurellales;f__Pasteurellaceae;g__Aggregatibacter	193.0	365.0	0	406.0	1713.0	141.0	141.0	86.0	648.0	192.0	162.0	1487.0	587.0	609.0	323.0	66.0	165.0	860.0	521.0	189.0	984.0	40.0	129.0	1000.0	365.0	85.0	123.0	135.0	238.0	78.0	379.0	752.0	393.0	661.0	14.0	822.0	123.0
sk__Bacteria;k__;p__Proteobacteria;c__Gammaproteobacteria;o__Pasteurellales;f__Pasteurellaceae;g__Aggregatibacter;s__Aggregatibacter_actinomycetemcomitans	0	0	0	0	0	0	0	0	0	0	0	0	0	7.0	0	0	0	0	0	0	0	0	0	1.0	0	0	0	0	0	0	0	0	0	0	0	0	0
sk__Bacteria;k__;p__Proteobacteria;c__Gammaproteobacteria;o__Pasteurellales;f__Pasteurellaceae;g__Aggregatibacter;s__Aggregatibacter_segnis	0	0	0	0	0	0	0	0	0	1.0	0	0	0	0	0	0	0	1.0	0	0	0	0	0	0	0	0	0	0	0	0	0	0	0	0	0	0	0
sk__Bacteria;k__;p__Proteobacteria;c__Gammaproteobacteria;o__Pasteurellales;f__Pasteurellaceae;g__Gallibacterium	0	0	0	0	0	0	0	0	0	0	0	0	0	0	0	0	0	0	0	0	0	0	0	0	0	0	0	0	0	0	0	0	1.0	0	0	0	0
sk__Bacteria;k__;p__Proteobacteria;c__Gammaproteobacteria;o__Pasteurellales;f__Pasteurellaceae;g__Haemophilus	16.0	340.0	261.0	115.0	146.0	117.0	13.0	6.0	36.0	36.0	22.0	430.0	241.0	32.0	19.0	5.0	69.0	56.0	47.0	64.0	88.0	4.0	11.0	254.0	127.0	480.0	16.0	42.0	73.0	12.0	339.0	284.0	162.0	147.0	5.0	63.0	23.0
sk__Bacteria;k__;p__Proteobacteria;c__Gammaproteobacteria;o__Pasteurellales;f__Pasteurellaceae;g__Mesocricetibacter	0	0	0	0	0	0	0	0	0	0	0	0	0	0	1.0	0	0	0	0	0	0	0	0	0	0	0	0	0	0	0	0	0	0	0	0	0	0
sk__Bacteria;k__;p__Proteobacteria;c__Gammaproteobacteria;o__Pasteurellales;f__Pasteurellaceae;g__Necropsobacter	0	0	0	0	0	0	0	0	0	0	0	0	0	0	0	0	0	4.0	0	0	0	0	0	0	0	0	0	0	0	0	0	0	0	0	0	0	0
sk__Bacteria;k__;p__Proteobacteria;c__Gammaproteobacteria;o__Pasteurellales;f__Pasteurellaceae;g__Necropsobacter;s__Necropsobacter_rosorum	0	0	0	0	0	0	0	0	0	0	0	0	0	0	0	0	0	1.0	0	0	0	0	0	0	0	0	0	0	0	0	0	0	0	0	0	0	0
sk__Bacteria;k__;p__Proteobacteria;c__Gammaproteobacteria;o__Pasteurellales;f__Pasteurellaceae;g__Rodentibacter	0	4.0	0	3.0	1.0	1.0	0	0	0	0	1.0	6.0	11.0	0	0	0	0	2.0	1.0	0	0	0	0	5.0	1.0	1.0	0	0	2.0	0	3.0	4.0	0	12.0	0	0	0
sk__Bacteria;k__;p__Proteobacteria;c__Gammaproteobacteria;o__Pasteurellales;f__Pasteurellaceae;g__Rodentibacter;s__Rodentibacter_pneumotropicus	0	0	0	1.0	0	0	0	0	1.0	0	0	2.0	1.0	0	0	0	0	0	0	0	0	0	0	0	0	0	0	0	0	0	0	0	0	0	0	0	0
sk__Bacteria;k__;p__Proteobacteria;c__Gammaproteobacteria;o__Pseudomonadales	0	0	0	0	0	0	0	0	0	0	0	0	1.0	0	0	0	0	0	0	0	1.0	0	0	0	0	0	0	0	0	0	0	0	0	0	0	0	0
sk__Bacteria;k__;p__Proteobacteria;c__Gammaproteobacteria;o__Pseudomonadales;f__Moraxellaceae	0	0	0	0	0	0	0	0	0	0	0	0	11.0	0	0	1.0	0	0	0	0	0	0	0	0	0	0	0	0	0	0	0	1.0	0	0	0	0	0
sk__Bacteria;k__;p__Proteobacteria;c__Gammaproteobacteria;o__Pseudomonadales;f__Moraxellaceae;g__Acinetobacter	0	0	0	0	0	0	0	0	0	0	0	0	0	0	0	0	0	0	0	0	0	0	0	0	0	0	0	0	0	0	0	0	1.0	0	0	0	0
sk__Bacteria;k__;p__Proteobacteria;c__Gammaproteobacteria;o__Pseudomonadales;f__Moraxellaceae;g__Moraxella	1.0	0	0	24.0	0	0	0	0	0	0	0	0	249.0	0	0	1.0	0	1.0	0	0	0	0	0	0	0	0	1.0	1.0	0	0	0	23.0	0	0	0	0	0
sk__Bacteria;k__;p__Proteobacteria;c__Gammaproteobacteria;o__Pseudomonadales;f__Pseudomonadaceae;g__Pseudomonas	0	0	0	0	0	0	0	0	0	0	0	0	0	0	0	0	0	0	0	0	1.0	0	1.0	0	0	0	0	0	0	0	0	0	0	0	0	0	0
sk__Bacteria;k__;p__Proteobacteria;c__Gammaproteobacteria;o__Vibrionales;f__Vibrionaceae;g__Vibrio	0	0	0	0	0	0	1.0	0	0	0	0	0	0	0	0	0	0	0	0	0	0	0	0	0	0	0	0	0	0	0	0	0	0	0	0	0	0
sk__Bacteria;k__;p__Proteobacteria;c__Gammaproteobacteria;o__Xanthomonadales	0	0	0	0	0	0	0	0	0	0	0	0	0	0	0	0	0	0	0	0	0	0	0	0	0	0	0	0	0	1.0	0	0	0	0	0	0	0
sk__Bacteria;k__;p__Proteobacteria;c__Gammaproteobacteria;o__Xanthomonadales;f__Xanthomonadaceae	0	0	0	0	0	0	0	0	0	0	0	0	0	0	0	0	0	0	0	0	1.0	0	0	0	0	0	0	0	0	0	0	0	0	0	0	0	0
sk__Bacteria;k__;p__Proteobacteria;c__Gammaproteobacteria;o__Xanthomonadales;f__Xanthomonadaceae;g__Lysobacter	1.0	0	0	0	0	0	0	0	0	0	0	0	0	0	0	0	0	0	0	0	0	0	0	0	0	0	0	0	0	0	0	0	0	0	0	0	0
sk__Bacteria;k__;p__Proteobacteria;c__Hydrogenophilalia	0	1.0	0	0	0	0	0	0	0	0	0	0	0	0	0	0	0	3.0	0	0	0	0	0	0	0	0	0	0	0	0	0	0	0	0	0	0	0
sk__Bacteria;k__;p__Proteobacteria;c__Hydrogenophilalia;o__Hydrogenophilales	0	0	0	0	0	0	0	0	0	0	0	0	0	0	0	0	0	1.0	0	0	0	0	0	0	0	0	0	0	0	0	0	0	0	1.0	0	0	0
sk__Bacteria;k__;p__Proteobacteria;c__Hydrogenophilalia;o__Hydrogenophilales;f__Hydrogenophilaceae	0	4.0	2.0	1.0	0	0	0	0	0	0	1.0	1.0	1.0	0	0	0	5.0	16.0	0	0	0	0	0	0	2.0	0	1.0	2.0	0	0	1.0	2.0	0	4.0	0	1.0	0
sk__Bacteria;k__;p__Spirochaetes;c__Spirochaetia	0	0	0	0	0	0	0	0	1.0	0	0	0	0	0	0	0	0	0	0	0	0	0	0	0	0	0	0	0	0	0	0	0	0	0	0	0	0
sk__Bacteria;k__;p__Spirochaetes;c__Spirochaetia;o__Spirochaetales	1.0	0	0	0	1.0	0	0	3.0	2.0	1.0	2.0	0	2.0	2.0	1.0	1.0	0	0	0	0	1.0	2.0	0	0	0	0	0	0	0	0	0	0	0	0	0	1.0	0
sk__Bacteria;k__;p__Spirochaetes;c__Spirochaetia;o__Spirochaetales;f__Spirochaetaceae	69.0	32.0	0	200.0	33.0	41.0	1.0	932.0	667.0	262.0	237.0	50.0	31.0	229.0	309.0	355.0	0	13.0	297.0	78.0	43.0	52.0	524.0	10.0	98.0	1.0	257.0	63.0	1.0	453.0	0	100.0	3.0	23.0	65.0	130.0	14.0
sk__Bacteria;k__;p__Spirochaetes;c__Spirochaetia;o__Spirochaetales;f__Spirochaetaceae;g__Spirochaeta;s__Spirochaeta_sp._canine_oral_taxon_314	0	0	0	0	0	0	0	0	0	0	2.0	0	0	0	0	0	0	0	0	0	0	0	0	0	0	0	0	0	0	4.0	0	0	0	0	0	0	0
sk__Bacteria;k__;p__Spirochaetes;c__Spirochaetia;o__Spirochaetales;f__Spirochaetaceae;g__Spirochaeta;s__Spirochaeta_sp._canine_oral_taxon_379	0	0	0	0	0	0	0	1.0	1.0	0	0	0	0	0	0	0	0	0	0	0	0	0	2.0	0	0	0	0	0	0	0	0	0	0	0	0	0	0
sk__Bacteria;k__;p__Spirochaetes;c__Spirochaetia;o__Spirochaetales;f__Spirochaetaceae;g__Treponema	37.0	39.0	0	171.0	24.0	41.0	4.0	832.0	714.0	259.0	244.0	45.0	34.0	312.0	235.0	417.0	0	18.0	250.0	61.0	23.0	78.0	405.0	18.0	20.0	1.0	210.0	48.0	1.0	481.0	0	84.0	0	27.0	11.0	85.0	41.0
sk__Bacteria;k__;p__Spirochaetes;c__Spirochaetia;o__Spirochaetales;f__Spirochaetaceae;g__Treponema;s__Treponema_parvum	0	0	0	0	0	0	0	1.0	0	0	0	0	0	0	0	0	0	0	0	0	0	0	0	0	0	0	0	0	0	0	0	0	0	0	0	0	0
sk__Bacteria;k__;p__Spirochaetes;c__Spirochaetia;o__Spirochaetales;f__Spirochaetaceae;g__Treponema;s__Treponema_sp._9:A:D01	0	0	0	0	0	0	0	1.0	0	0	0	0	0	0	0	0	0	0	0	0	0	0	0	0	0	0	0	0	0	0	0	0	0	0	0	0	0
sk__Bacteria;k__;p__Synergistetes	1.0	0	0	1.0	0	0	0	1.0	0	0	0	3.0	1.0	0	1.0	2.0	0	0	0	0	0	1.0	0	0	0	0	1.0	0	0	1.0	0	0	0	0	0	0	0
sk__Bacteria;k__;p__Synergistetes;c__Synergistia;o__Synergistales	0	0	0	3.0	0	0	0	2.0	0	1.0	1.0	0	0	0	1.0	3.0	0	0	1.0	0	0	1.0	0	0	0	0	1.0	1.0	0	3.0	0	0	0	0	0	0	0
sk__Bacteria;k__;p__Synergistetes;c__Synergistia;o__Synergistales;f__Synergistaceae	8.0	3.0	1.0	5.0	4.0	6.0	0	84.0	98.0	29.0	129.0	24.0	1.0	11.0	24.0	32.0	0	1.0	35.0	3.0	2.0	20.0	60.0	1.0	2.0	0	53.0	11.0	0	94.0	0	9.0	1.0	0	1.0	22.0	2.0
sk__Bacteria;k__;p__Synergistetes;c__Synergistia;o__Synergistales;f__Synergistaceae;g__Fretibacterium	21.0	2.0	0	81.0	2.0	10.0	0	156.0	252.0	85.0	141.0	46.0	5.0	12.0	49.0	60.0	0	1.0	23.0	4.0	1.0	12.0	61.0	0	5.0	0	70.0	27.0	0	110.0	0	9.0	0	1.0	2.0	24.0	2.0
sk__Bacteria;k__;p__Synergistetes;c__Synergistia;o__Synergistales;f__Synergistaceae;g__Synergistes	0	0	0	0	0	0	0	0	14.0	0	0	0	0	0	0	1.0	0	0	0	0	0	0	0	0	0	0	0	0	0	0	0	0	0	0	0	0	0
sk__Bacteria;k__;p__Tenericutes;c__Mollicutes	1.0	24.0	0	2.0	0	1.0	0	5.0	6.0	0	10.0	0	1.0	4.0	2.0	3.0	0	4.0	6.0	0	0	0	3.0	5.0	0	0	2.0	2.0	0	18.0	0	9.0	0	0	0	2.0	0
sk__Bacteria;k__;p__Tenericutes;c__Mollicutes;o__Acholeplasmatales	0	0	0	0	0	0	0	0	0	0	0	0	0	0	0	1.0	0	0	0	0	0	0	0	0	0	0	0	0	0	0	0	0	0	0	0	0	0
sk__Bacteria;k__;p__Tenericutes;c__Mollicutes;o__Acholeplasmatales;f__Acholeplasmataceae	0	0	0	0	0	0	0	0	0	0	2.0	0	0	0	0	1.0	0	1.0	0	0	0	0	0	0	0	0	0	0	0	0	0	0	0	0	0	0	0
sk__Bacteria;k__;p__Tenericutes;c__Mollicutes;o__Acholeplasmatales;f__Acholeplasmataceae;g__Acholeplasma	0	0	0	0	1.0	0	0	0	13.0	0	12.0	0	0	0	0	27.0	0	1.0	0	2.0	0	0	18.0	0	0	0	0	0	0	3.0	0	1.0	0	0	0	0	0
sk__Bacteria;k__;p__Tenericutes;c__Mollicutes;o__Mycoplasmatales;f__Mycoplasmataceae	0	1.0	0	0	0	0	0	0	0	0	0	0	0	0	0	0	0	0	0	0	0	0	0	0	1.0	0	0	0	0	0	0	0	0	0	0	0	0
sk__Bacteria;k__;p__Tenericutes;c__Mollicutes;o__Mycoplasmatales;f__Mycoplasmataceae;g__;s__Mycoplasmataceae_genomosp._P1_oral_clone_MB1_G23	0	0	0	0	0	0	0	0	0	0	1.0	0	0	0	0	0	0	0	0	0	0	0	7.0	0	0	0	0	0	0	0	0	0	0	0	0	8.0	0
sk__Bacteria;k__;p__Tenericutes;c__Mollicutes;o__Mycoplasmatales;f__Mycoplasmataceae;g__Mycoplasma	0	24.0	0	11.0	0	2.0	0	29.0	0	13.0	7.0	0	1.0	13.0	2.0	2.0	0	0	0	1.0	0	0	12.0	0	1.0	0	0	2.0	1.0	5.0	0	2.0	0	0	0	4.0	2.0
sk__Bacteria;k__;p__Verrucomicrobia;c__Spartobacteria;o__;f__;g__Candidatus_Xiphinematobacter	0	0	0	0	0	0	0	0	0	0	0	1.0	0	0	0	0	0	0	0	0	0	0	0	0	0	0	0	0	0	0	0	0	0	0	0	0	0
sk__Bacteria;k__;p__Verrucomicrobia;c__Spartobacteria;o__Chthoniobacterales;f__Chthoniobacteraceae;g__Candidatus_Udaeobacter	0	0	0	0	0	0	0	1.0	0	0	0	0	0	0	0	0	0	0	0	0	0	0	0	0	0	0	0	0	0	0	0	0	0	0	0	0	0
sk__Bacteria;k__;p__Verrucomicrobia;c__Verrucomicrobiae	0	0	0	0	0	0	0	0	0	0	0	1.0	0	0	1.0	0	0	0	0	0	0	0	0	0	1.0	0	0	0	0	1.0	0	0	0	0	0	0	0
sk__Bacteria;k__;p__Verrucomicrobia;c__Verrucomicrobiae;o__Verrucomicrobiales;f__Akkermansiaceae;g__Akkermansia	0	0	0	0	0	0	1.0	0	0	0	0	0	0	0	3.0	0	0	0	0	0	0	0	0	0	0	0	0	1.0	0	0	0	0	0	0	0	0	0
sk__Chloroplast	0	0	0	16.0	0	0	0	0	0	0	0	5.0	0	1.0	2.0	0	0	0	0	2.0	0	0	0	0	0	0	1.0	0	0	0	0	0	0	1.0	0	0	0
sk__Mitochondria	0	0	0	4.0	0	0	0	0	0	0	0	2.0	0	0	0	0	1.0	0	0	0	0	0	0	0	0	0	0	0	0	0	0	0	0	1.0	0	0	0
